id,domain,status,purchase_price,renewal_price,attractiveness,demand,length,registrar,created_at,expires_at,status_verified_at
7e4dae7e-72b3-4976-9653-caf32a9d24bd,ibaraki.rip,available,18.83,18.83,medium,low,7,spaceship,,,02/10/2026 19:41
41779b58-decd-4c1c-874f-010e899e9502,dealers.rip,available,24.5,,medium,low,7,unstoppable,,,28/09/2026 09:08
fddda37a-9cd5-48b6-a9b4-aeec42cb4de4,hoods.rip,available,24.5,,medium,low,5,unstoppable,,,02/10/2026 13:36
19616182-cb82-4a08-ae73-7a862605f464,karabakh.rip,available,23.49,23.49,medium,low,8,namesilo,,,02/10/2026 09:33
af5ad021-842a-4ea5-9063-32d2790f16b9,restoration.rip,available,18.83,18.83,high,low,11,spaceship,,,30/09/2026 06:15
44d45b28-7008-4e86-a51c-c1c001c71283,residual.rip,available,23.49,23.49,high,low,8,namesilo,,,09/09/2026 14:59
a192c192-1c09-415f-a65d-e7cd20fc06fb,howdy.rip,available,18.83,18.83,high,low,5,spaceship,,,02/10/2026 05:13
5b96cb94-e156-48f6-b7e6-5c8b355d1b20,distributive.rip,available,18.83,18.83,high,low,12,spaceship,,,29/09/2026 21:23
eeae75ca-fb2a-4b81-ae80-66e4d4907530,hustle.rip,available,24.98,32.98,high,low,6,namecheap,,,17/09/2026 09:12
797da28e-3b97-447a-8955-a497eaf4455d,stained.rip,available,24.98,32.98,medium,low,7,namecheap,,,10/09/2026 18:14
12b60b5a-4a95-4131-9af1-4b76edd4a98e,marsha.rip,available,18.2,18.2,high,low,6,cloudflare,,,30/09/2026 04:40
c1d398b0-a8b1-42d2-a25a-c92077fa49e8,hodge.rip,available,23.49,23.49,medium,low,5,namesilo,,,29/09/2026 15:06
1c83f721-4fa3-4dd8-9f6a-a91123be2e5c,tout.rip,available,7.99,29.99,high,low,4,name.com,,,11/08/2026 01:03
46a18961-603c-471a-be2b-71f0af81fa1c,parkinson.rip,available,24.98,32.98,medium,low,9,namecheap,,,02/10/2026 04:12
93dcd170-7e87-48f8-827a-f29ec2cf19a2,healthful.rip,available,7.99,29.99,high,low,9,name.com,,,21/08/2026 02:02
a507d69f-5e65-4cbf-b107-b2df68315702,compromise.rip,available,23.49,23.49,high,low,10,namesilo,,,24/09/2026 16:54
8c960504-1d2f-4aa4-a3a2-46534a70f329,irani.rip,available,7.99,29.99,high,low,5,name.com,,,22/08/2026 09:42
eb5f75e0-0f02-4f81-9927-1bcd652259b6,fashioned.rip,available,7.99,29.99,high,low,9,name.com,,,17/08/2026 23:02
d3b46a15-b43c-43cd-9fe9-2900f79037ea,frisky.rip,available,7.99,29.99,high,low,6,name.com,,,18/08/2026 16:02
e71d488a-5cd8-42b9-ba96-7f2da210b832,deposed.rip,available,23.49,23.49,low,low,7,namesilo,,,02/10/2026 03:36
f99a3599-5060-4af0-8922-0d3dbc261742,newlands.rip,available,23.49,23.49,medium,low,8,namesilo,,,02/10/2026 07:59
ae571da4-77e3-41b1-a49c-a60e5fc569e7,bem.rip,available,23.49,23.49,medium,low,3,namesilo,,,03/10/2026 03:32
47488a9e-c895-4739-adc1-024882abee7f,pva.rip,available,4.63,19.05,medium,low,3,porkbun,,,30/09/2026 18:22
47dbbeb8-9897-4ace-9fa8-cb591181ba54,consequent.rip,available,7.99,29.99,high,low,10,name.com,,,
ff28f8c6-812a-405b-ac13-dbc33f35d3cc,webber.rip,available,4.5,19.48,medium,low,6,dynadot,,,29/09/2026 15:02
af9d26b4-a056-4ef1-853c-1256a5ea7fd2,maude.rip,available,18.83,18.83,medium,low,5,spaceship,,,28/09/2026 12:05
8f4cdbef-e241-4702-a549-efb8c892415c,protozoan.rip,available,23.49,23.49,medium,low,9,namesilo,,,09/09/2026 04:12
1baf970b-3164-4fbe-a71c-096da27893b9,multiflora.rip,available,23.49,23.49,high,low,10,namesilo,,,21/09/2026 13:38
41efd90a-9b77-4d79-8fda-49fa984b62f8,lite.rip,available,7.99,29.99,high,low,4,name.com,,,11/08/2026 15:09
b97ca3cc-f146-4f17-8834-bcf5cea07303,rubenstein.rip,available,18.83,18.83,medium,low,10,spaceship,,,02/10/2026 20:07
59cafe37-b0bf-463d-9ea3-f81ed75c543e,memorize.rip,available,18.2,18.2,high,low,8,cloudflare,,,30/09/2026 20:33
cfab088d-9b30-45f3-86d6-904745fd94e9,earnest.rip,available,7.99,29.99,high,low,7,name.com,,,14/08/2026 22:31
287355b2-1f5c-4f29-9938-c0716e4c09b2,nigel.rip,available,18.2,18.2,high,low,5,cloudflare,,,27/09/2026 17:08
91513218-8cbf-4a50-a73d-09e5f201538f,sinatra.rip,available,18.2,18.2,high,low,7,cloudflare,,,29/09/2026 18:57
4406916a-5ed0-4208-88e4-937b85c67e09,sob.rip,available,,,high,low,3,,,,
420c5a78-0605-4a17-beb1-2a477a45420f,dwight.rip,available,23.49,23.49,medium,low,6,namesilo,,,28/09/2026 07:54
f60deb62-45f6-4d7c-8b89-7492a590878a,felicitous.rip,available,7.99,29.99,medium,low,10,name.com,,,18/08/2026 00:51
1ae09e30-f859-4b17-ac0a-13d455cc571c,jodi.rip,available,18.83,18.83,high,low,4,spaceship,,,02/10/2026 07:32
4f7934da-400a-4bd4-8ea7-6d6a723cecad,geometry.rip,available,18.83,18.83,high,low,8,spaceship,,,29/09/2026 20:49
07b63e95-c509-41f7-ada8-d2c47aa32305,noor.rip,available,18.83,18.83,high,low,4,spaceship,,,30/09/2026 13:36
179dc803-3ecc-47e4-88c7-570aa431f5e4,frederick.rip,available,39.99,39.99,high,low,9,godaddy,,,28/09/2026 01:56
991e59f4-e170-414a-ad0d-6f1ec4233b63,multiplexing.rip,available,24.98,32.98,medium,low,12,namecheap,,,01/10/2026 23:04
030be421-7e2d-4083-85c9-5821154a1f0c,actinium.rip,available,24.98,32.98,medium,low,8,namecheap,,,16/09/2026 19:56
3aa6d0a7-5b57-490c-91ae-826f73e82199,bedford.rip,available,24.98,32.98,high,low,7,namecheap,,,25/09/2026 14:52
ba9e1c63-1614-4778-92b2-6b74255eeec6,jun.rip,available,23.49,23.49,high,low,3,namesilo,,,29/09/2026 15:18
f0949f8c-8f95-4f10-8a15-d3eb8ffcd0b0,taxpayer.rip,available,18.83,18.83,high,low,8,spaceship,,,30/09/2026 18:53
5dac45b4-367a-4e5e-be5e-ed89f4dfc48e,fragrant.rip,available,7.99,29.99,high,low,8,name.com,,,18/08/2026 14:03
77b0fbf7-59d4-4acb-8461-9f034936d2d2,fret.rip,available,39.99,39.99,high,low,4,godaddy,,,01/10/2026 01:19
c293500e-0c60-4440-8cd3-ea6e8e930930,momently.rip,available,23.49,23.49,medium,low,8,namesilo,,,15/09/2026 15:21
e80afb15-0387-479a-be7d-6ae0219d22a5,proposed.rip,available,23.49,23.49,medium,low,8,namesilo,,,28/09/2026 04:49
bfa69144-8806-4c9c-b3af-19ae5fa568a9,astounding.rip,available,24.98,32.98,high,low,10,namecheap,,,22/09/2026 10:29
65a05649-3429-4eb2-bf34-352393973b47,commitment.rip,available,23.49,23.49,high,low,10,namesilo,,,18/09/2026 10:59
202b9f3f-8fa8-4064-85a7-7de9648eb32b,roving.rip,available,7.99,29.99,high,low,6,name.com,,,25/08/2026 02:22
064fe088-1a36-4731-9d37-410f4bd11aab,stagey.rip,available,24.98,32.98,medium,low,6,namecheap,,,10/09/2026 18:06
e23c8d3f-19ce-4637-a766-69e11ad9a0ab,coahuila.rip,available,23.49,23.49,medium,low,8,namesilo,,,30/09/2026 09:12
6235523d-96df-42a3-aa6a-259e04cfe828,lasts.rip,available,24.5,,low,low,5,unstoppable,,,28/09/2026 09:03
7974d340-8bf3-4342-a037-d9f962c3782d,lemonade.rip,available,23.49,23.49,high,low,8,namesilo,,,29/09/2026 01:34
87fc8444-5676-4df7-96e3-c699b73f8c0f,glamour.rip,available,7.99,29.99,high,low,7,name.com,,,21/08/2026 07:43
af190fab-5265-4348-8b06-4458cc26777a,benzocaine.rip,available,23.49,23.49,medium,low,10,namesilo,,,23/09/2026 08:58
1d5a14dc-c4c3-4335-bc3b-60173efda857,revelation.rip,available,18.2,18.2,high,low,10,cloudflare,,,27/09/2026 13:50
2bb13b1f-d3c2-44a3-b932-090d85437280,hanker.rip,available,7.99,29.99,medium,low,6,name.com,,,24/08/2026 08:57
8d16900e-1827-448c-8d23-d3f03852aab1,vibrating.rip,available,18.83,18.83,medium,low,9,spaceship,,,30/09/2026 14:24
54032ef2-bd05-4839-b2f0-fcd349b90db4,boric.rip,available,7.99,29.99,medium,low,5,name.com,,,10/08/2026 19:48
890c9069-187d-453d-af25-59d178f18169,dioxide.rip,available,18.2,18.2,high,low,7,cloudflare,,,29/09/2026 18:39
59cc8367-8a32-42e0-a55a-a4bd7150dd50,ssa.rip,available,4.5,19.48,high,low,3,dynadot,,,29/09/2026 08:03
3e21e596-72c3-491e-ac67-9b620eb5c73c,assail.rip,available,24.98,32.98,medium,low,6,namecheap,,,20/09/2026 15:49
0525333e-167a-4613-8bdf-adc1309daec4,asm.rip,available,18.2,18.2,high,low,3,cloudflare,,,30/09/2026 06:15
82dffde5-4e89-4216-adeb-97346554b54e,nanjing.rip,available,18.83,18.83,medium,low,7,spaceship,,,28/09/2026 10:29
07081f34-f669-4e2e-8619-73bb8ce1987c,abject.rip,available,7.99,29.99,medium,low,6,name.com,,,
ece70151-9a23-4462-902c-24607a1624ad,barcarole.rip,available,23.49,23.49,medium,low,9,namesilo,,,22/09/2026 05:06
31053dbb-0bdc-4462-a71c-db99c5bd63d9,decatur.rip,available,23.49,23.49,medium,low,7,namesilo,,,27/09/2026 03:44
d1def2ad-9819-437e-8ccb-ca06b702d305,nixon.rip,available,18.2,18.2,high,low,5,cloudflare,,,28/09/2026 10:34
05941cb5-ee91-4e60-b234-e0c6996c71f3,touchstone.rip,available,23.49,23.49,high,low,10,namesilo,,,10/09/2026 18:36
4dbd7408-9729-47c0-9765-ec22c4780470,footsteps.rip,available,18.83,18.83,medium,low,9,spaceship,,,28/09/2026 12:42
e97b5383-6244-4e1a-abcf-bf1df21b572a,fathomable.rip,available,7.99,29.99,medium,low,10,name.com,,,17/08/2026 23:40
1418e351-f5a3-49e0-923a-1672bcf3a356,ringed.rip,available,23.49,23.49,high,low,6,namesilo,,,
50da1fd6-e421-4961-ba37-2b17348af006,putnam.rip,available,23.49,23.49,medium,low,6,namesilo,,,25/09/2026 16:07
1f4a068c-0e2e-405b-9d53-bf442bb24c96,lent.rip,available,24.98,32.98,high,low,4,namecheap,,,28/09/2026 14:42
8c48fb8c-7b0a-4d8c-abce-302c77b5b3fd,exportable.rip,available,7.99,29.99,medium,low,10,name.com,,,17/08/2026 18:35
3b8d9870-e49f-4231-80c2-10eb92da4d28,incessant.rip,available,7.99,29.99,medium,low,9,name.com,,,11/08/2026 23:04
f300d1d4-13c4-4009-bac4-e9c54b6ad48a,censorship.rip,available,4.5,19.48,medium,low,10,dynadot,,,29/09/2026 06:17
ada1b140-32a0-47ad-9b23-957b09aa380b,cheyenne.rip,available,23.49,23.49,high,low,8,namesilo,,,24/09/2026 12:34
5aedaa5f-cfa1-4a1e-a05a-d49f1ae1c345,uup.rip,available,23.49,23.49,medium,low,3,namesilo,,,20/09/2026 22:18
5dc62d90-1367-4da7-9100-392dfb50a3bf,ponderous.rip,available,7.99,29.99,medium,low,9,name.com,,,24/08/2026 11:10
68625f1e-c09b-44c1-96c5-fe2c65e755cc,anna.rip,available,23.49,23.49,high,medium,4,namesilo,,,19/09/2026 09:54
4f6e18d5-cad4-4245-a69e-b2432b59086f,cassell.rip,available,23.49,23.49,high,low,7,namesilo,,,02/10/2026 00:55
53e6efaa-427a-4798-a2b2-6b8192d4feed,corporations.rip,available,18.2,18.2,medium,low,12,cloudflare,,,29/09/2026 11:23
723c06f2-739c-41bf-847d-49307f7a04f7,lobby.rip,available,18.2,18.2,high,low,5,cloudflare,,,28/09/2026 21:38
97f16158-e3e8-427a-be74-c566f7424073,overture.rip,available,4.5,19.48,high,low,8,dynadot,,,30/09/2026 18:16
bd61df18-185b-497d-aed5-da7256374e4f,ran.rip,available,23.49,23.49,high,low,3,namesilo,,,25/09/2026 12:35
f348c497-dced-46a3-b523-7cfcfb88690c,melodies.rip,available,18.83,18.83,medium,low,8,spaceship,,,02/10/2026 11:49
8565633d-5f3d-4e92-b472-2abebbd072d7,bulls.rip,available,24.98,32.98,high,low,5,namecheap,,,28/09/2026 07:33
93989677-e43b-450d-b63b-db4e712b0d19,vassal.rip,available,7.99,29.99,medium,low,6,name.com,,,18/08/2026 03:02
3a9e8b07-c684-48d7-ad20-a47aab9fee9d,complete.rip,available,24.98,32.98,high,low,8,namecheap,,,19/09/2026 19:02
aeac78cf-000a-4282-8e20-1df061a998e1,visually.rip,available,23.49,23.49,medium,low,8,namesilo,,,16/09/2026 11:04
e7632fa8-e1e5-43f6-9129-91739a17b3c8,hypotonic.rip,available,7.99,29.99,medium,low,9,name.com,,,21/08/2026 17:19
7b0aacf1-b0e0-4d8b-8651-834522cd9523,aspic.rip,available,23.49,23.49,medium,low,5,namesilo,,,20/09/2026 15:11
f485ef95-88f7-497d-b4c5-58afb40fea78,bev.rip,available,23.49,23.49,high,low,3,namesilo,,,30/09/2026 12:21
3fec1073-5942-4abd-aac6-68e0b0e7806c,packsack.rip,available,7.99,29.99,medium,low,8,name.com,,,21/09/2026 14:40
e749dca0-2bf0-4300-b8a6-e4502754c044,sylvester.rip,available,24.98,32.98,high,low,9,namecheap,,,29/09/2026 15:28
d917962d-f2b8-41bf-976a-9169456b81cb,regardless.rip,available,23.49,23.49,high,low,10,namesilo,,,27/09/2026 11:13
24e7716b-e279-4252-993d-2e5e99656f3a,pits.rip,available,24.98,32.98,low,low,4,namecheap,,,28/09/2026 23:33
2183e52d-bd3a-4044-9e59-83499f2da81a,hindoo.rip,available,7.99,29.99,medium,low,6,name.com,,,21/08/2026 09:33
0eccc4a9-4ac4-4d57-acbc-eaac0f5fd984,indigent.rip,available,7.99,29.99,medium,low,8,name.com,,,14/08/2026 04:34
1cf1344d-729a-4ea0-b101-2f34be3514ba,agricultural.rip,available,18.83,18.83,high,low,12,spaceship,,,30/09/2026 03:28
e82ca5a0-0a6b-489a-91af-defc902f0e53,exchanging.rip,available,24.98,32.98,medium,low,10,namecheap,,,20/09/2026 00:55
bc904e95-d847-431d-9956-d004a39397bb,platforms.rip,available,18.83,18.83,medium,low,9,spaceship,,,01/10/2026 00:18
90b1769b-c886-41f5-b36c-7985667b5a92,prosser.rip,available,18.2,18.2,high,low,7,cloudflare,,,30/09/2026 12:49
6e1ffb2d-33ff-4b9e-95e4-7351f2af28b0,bareboat.rip,available,23.49,23.49,medium,low,8,namesilo,,,22/09/2026 05:23
f1c96d0e-ccef-4064-a03b-735523a80346,formulas.rip,available,18.2,18.2,medium,low,8,cloudflare,,,02/10/2026 12:05
c9e8d9de-1509-424f-9868-5fc8b9f0088e,washing.rip,available,18.83,18.83,high,low,7,spaceship,,,30/09/2026 02:11
f0c52280-6479-4481-b3f7-1bc4031c2136,thenar.rip,available,23.49,23.49,medium,low,6,namesilo,,,11/09/2026 12:51
d3abb898-4296-4e81-9836-da7339caa5a5,pains.rip,available,18.83,18.83,high,low,5,spaceship,,,28/09/2026 06:29
f5d450d3-937c-42d2-9e1b-dcceb27be929,bedside.rip,available,24.98,32.98,high,low,7,namecheap,,,22/09/2026 23:34
0c39b931-f604-4a09-baa6-e795586eba98,inspires.rip,available,23.49,23.49,high,low,8,namesilo,,,02/10/2026 22:39
3bf5cf4e-bc6f-4456-b08a-7568cc477805,lpga.rip,available,23.49,23.49,medium,low,4,namesilo,,,02/10/2026 19:41
73988bb0-b9db-48b6-958c-ca6bc0e6df1a,neumann.rip,available,23.49,23.49,high,low,7,namesilo,,,25/09/2026 23:19
89ec93eb-ef89-4f70-83be-c02dd89b9a0a,rubber.rip,available,23.49,23.49,high,low,6,namesilo,,,27/09/2026 16:38
1238710a-3e07-45ee-bcd8-23d1e06929fd,yong.rip,available,24.98,32.98,medium,low,4,namecheap,,,28/09/2026 16:51
39b3c7f5-0998-4960-9e36-a89b10069b1b,spawned.rip,available,24.5,,medium,low,7,unstoppable,,,02/10/2026 14:09
4026ea2a-6230-4290-a517-410640679e89,reconnect.rip,available,23.49,23.49,high,low,9,namesilo,,,02/10/2026 07:36
4a2c074a-4e56-42bb-88e7-d0cf500b1917,owlish.rip,available,23.49,23.49,medium,low,6,namesilo,,,04/09/2026 22:14
6eaea448-cac7-4367-a52b-9ef9da4160e6,alonzo.rip,available,18.2,18.2,medium,low,6,cloudflare,,,28/09/2026 17:51
09dfd943-6931-4d5c-bef4-87ff9349f029,advice.rip,available,24.98,32.98,high,low,6,namecheap,,,28/09/2026 19:02
10a4baf7-cc26-456e-a6a7-5139c1eede72,labial.rip,available,7.99,29.99,medium,low,6,name.com,,,22/08/2026 17:19
742ce8b1-ee1f-4dcf-b17c-a80995b8b756,tremor.rip,available,18.83,18.83,high,low,6,spaceship,,,02/10/2026 14:56
e3da32e7-543c-4ada-a061-3ab7673a19aa,contradict.rip,available,18.2,18.2,high,low,10,cloudflare,,,30/09/2026 19:10
d115ad46-e6ac-4677-ac69-52ebaf00c9c7,tolerance.rip,available,24.5,,high,low,9,unstoppable,,,28/09/2026 20:10
81d7d521-4d56-483e-a00e-690ab31ae840,conventional.rip,available,18.2,18.2,medium,low,12,cloudflare,,,28/09/2026 11:12
5dba8278-e42c-4506-a877-476e1f04287c,highly.rip,available,4.63,19.05,medium,low,6,porkbun,,,28/09/2026 14:51
99fcf514-2a64-4388-8f16-cfcb6c6a2fc1,exhusband.rip,available,7.99,29.99,medium,low,10,name.com,,,17/08/2026 15:21
b06948b6-7aec-4f56-a1bb-e9f7037d6fa5,tycoons.rip,available,24.98,32.98,medium,low,7,namecheap,,,19/09/2026 22:53
f69dcdfd-ef37-42c8-b918-4ea8a64fe2ca,almagrib.rip,available,7.99,29.99,medium,low,9,name.com,,,24/08/2026 16:25
ffb40481-aa3d-4b30-ace0-be58b51d0365,ultraviolet.rip,available,24.5,,high,low,11,unstoppable,,,30/09/2026 03:39
f8297a78-5ca5-4ac6-9cc8-a0f6af758217,brushes.rip,available,18.2,18.2,medium,low,7,cloudflare,,,30/09/2026 00:37
e3687d19-1541-4b08-8e24-1bf3c93917bc,blacking.rip,available,23.49,23.49,medium,low,8,namesilo,,,24/09/2026 02:49
fcce5c92-cb53-499a-8e44-9d6e866a9fc2,urbane.rip,available,7.99,29.99,high,low,6,name.com,,,11/09/2026 04:57
ee1bbd3a-da96-47ba-99a2-3603df837208,karate.rip,available,4.5,19.48,high,low,6,dynadot,,,28/09/2026 19:36
51420ad9-f7ce-4b5e-a725-26f3d1b882dc,visualize.rip,available,23.49,23.49,high,low,9,namesilo,,,24/09/2026 16:39
a8c87a69-61cd-4b32-acb7-86c977cf67ff,majors.rip,available,23.49,23.49,high,low,6,namesilo,,,23/09/2026 14:46
db909c0b-2672-4c05-9e6d-9cf557bcc15c,adversity.rip,available,24.98,32.98,high,low,9,namecheap,,,17/09/2026 10:54
3741b5b6-9b76-4670-ba5a-d8123b7daafa,omitted.rip,available,18.2,18.2,low,low,7,cloudflare,,,02/10/2026 21:15
c3f81c88-b92b-419a-be13-53fb0b415d0e,hepworth.rip,available,23.49,23.49,medium,low,8,namesilo,,,22/09/2026 04:23
edfaa636-c380-4f2b-b33d-38c3b745b382,censure.rip,available,23.49,23.49,medium,low,7,namesilo,,,19/09/2026 08:29
21047df9-535e-4a04-9bee-b1906876b85b,greeting.rip,available,24.98,32.98,high,low,8,namecheap,,,28/09/2026 14:22
6ca8d033-564b-40ee-be51-47044ad44727,millions.rip,available,24.98,32.98,medium,low,8,namecheap,,,25/09/2026 20:31
95d5e02e-2f5c-4a72-ae73-b66da47d949d,boulder.rip,available,23.49,23.49,medium,low,7,namesilo,,,28/09/2026 13:35
d9cb590a-f5b9-40d9-be80-9aa9b337ac43,moderato.rip,available,7.99,29.99,medium,low,8,name.com,,,25/08/2026 02:58
218ac7ed-38cf-462b-a9e8-ff1d4fc9b864,independents.rip,available,23.49,23.49,medium,low,12,namesilo,,,02/10/2026 22:51
b88b5d26-533d-4413-bac6-144ff4d75edf,pleases.rip,available,18.83,18.83,medium,low,7,spaceship,,,02/10/2026 02:57
a1b1760f-7fb3-4abc-a68f-890c60b1f497,carousing.rip,available,7.99,29.99,medium,low,9,name.com,,,08/08/2026 04:24
3b670ea5-42dc-4ba6-964a-caf3917792e4,claremont.rip,available,23.49,23.49,high,low,9,namesilo,,,27/09/2026 08:22
f9571c88-b362-4f80-a885-3cb77e068688,judgments.rip,available,23.49,23.49,medium,low,9,namesilo,,,30/09/2026 15:26
fe36943f-13bb-4171-b1f8-8fb784b91bd4,underclass.rip,available,23.49,23.49,medium,low,10,namesilo,,,12/09/2026 07:22
a4a87172-c3d3-4c4b-b59f-944a4fa431a9,nominated.rip,available,24.98,32.98,high,low,9,namecheap,,,03/09/2026 18:18
f3ee3604-d616-49ae-af62-a0f9f7d2c686,revolved.rip,available,18.83,18.83,medium,low,8,spaceship,,,27/09/2026 14:41
d0126aec-9447-45fe-819f-fb28dc642f72,probiotic.rip,available,18.2,18.2,high,low,9,cloudflare,,,02/10/2026 05:48
b83faf5a-c8f7-43fc-8b2c-f45c8636a2cd,hezbollah.rip,available,23.49,23.49,medium,low,9,namesilo,,,29/09/2026 07:16
0910a83e-d7a8-4934-acce-6b86824828e3,tavistock.rip,available,4.63,19.05,medium,low,9,porkbun,,,02/10/2026 00:47
de52bfa1-424f-4ae1-9f4d-13f8f9a810d2,trustful.rip,available,24.98,32.98,high,low,8,namecheap,,,11/09/2026 20:45
2fdd1609-d18b-4859-b6ff-552d04248a58,toured.rip,available,24.98,32.98,medium,low,6,namecheap,,,20/09/2026 05:39
108f159e-391e-4ae0-822c-03a702fc2b73,turkish.rip,available,7.99,29.99,medium,low,7,name.com,,,11/09/2026 21:18
ae072c94-e1ba-403e-b99c-d8a0361d91f3,donnish.rip,available,7.99,29.99,low,low,7,name.com,,,14/08/2026 15:53
a6d8b01b-9f6a-4d7a-9764-b3fd12a08691,anne.rip,available,24.98,32.98,high,low,4,namecheap,,,19/09/2026 10:11
fc390a4b-477f-42e2-9581-19a360f018e4,retaliation.rip,available,24.5,,medium,low,11,unstoppable,,,29/09/2026 23:02
b5b56620-5f60-4195-88e9-40105b725dd9,ibrahim.rip,available,23.49,23.49,high,low,7,namesilo,,,16/09/2026 16:51
37e969e1-790e-443b-a502-3d0ae3ae0885,once.rip,available,23.49,23.49,high,low,4,namesilo,,,24/09/2026 15:11
8e20dd53-424c-425d-8075-47cdd77c3aca,hick.rip,available,7.99,29.99,medium,low,4,name.com,,,11/08/2026 09:44
df753ab8-9436-45c2-a157-a7fa89335662,auricula.rip,available,23.49,23.49,medium,low,8,namesilo,,,21/09/2026 04:20
6e3c58ae-e276-48d1-8928-b2e4e55c942b,valenzuela.rip,available,24.5,,medium,low,10,unstoppable,,,02/10/2026 10:09
070254de-60d3-4cbc-a9c4-f9974fb01c7d,soled.rip,available,23.49,23.49,medium,low,5,namesilo,,,10/09/2026 13:35
cd46d928-10ff-4f22-a90a-af07f2db3421,opposed.rip,available,23.49,23.49,high,low,7,namesilo,,,04/09/2026 16:45
db49bdc8-469b-435f-ba6e-df304815a3b3,slimy.rip,available,7.99,29.99,medium,low,5,name.com,,,14/08/2026 04:03
2dd9aa42-bfce-4b19-bb44-a8be6453cc1b,iceberg.rip,available,23.49,23.49,high,low,7,namesilo,,,23/09/2026 09:15
f9b64231-b25d-45de-8fba-e84ff0b57437,spared.rip,available,18.83,18.83,low,low,6,spaceship,,,28/09/2026 17:48
f21f9774-37e5-4f4e-8237-ea953264537e,brings.rip,available,23.49,23.49,medium,low,6,namesilo,,,18/09/2026 15:15
4d7abb41-d5c3-415e-aeab-ebba03c60f90,bombard.rip,available,23.49,23.49,medium,low,7,namesilo,,,22/09/2026 07:59
263b8248-dfc9-44d6-be99-58158f45be6a,murat.rip,available,23.49,23.49,medium,low,5,namesilo,,,29/09/2026 22:16
9a93f6c6-840a-4b98-afc5-9c70bde7d29d,bickering.rip,available,23.49,23.49,medium,low,9,namesilo,,,23/09/2026 13:12
88ff773b-d827-499d-b57c-7adb80c7ff25,muckle.rip,available,7.99,29.99,medium,low,6,name.com,,,25/08/2026 00:34
a5f12f31-0aa7-45b6-a252-65d7c0e95300,braless.rip,available,7.99,29.99,low,low,7,name.com,,,08/08/2026 18:29
ae33f7c5-f8fd-4278-9ca3-388a4905c3e4,massa.rip,available,23.49,23.49,high,low,5,namesilo,,,02/10/2026 17:22
66e48827-238c-4b80-bda0-890f0c30d6c8,tempted.rip,available,18.83,18.83,medium,low,7,spaceship,,,29/09/2026 16:59
06b2263e-368a-4ff4-8529-8ae2c7f4e95b,plaudit.rip,available,24.98,32.98,high,low,7,namecheap,,,16/09/2026 22:36
9d9080bd-b540-4a8b-9e5e-e82142a9dd1e,skaters.rip,available,18.83,18.83,medium,low,7,spaceship,,,02/10/2026 13:55
518c45eb-a76d-4857-82b2-34a43bfda67a,higgs.rip,available,18.83,18.83,high,low,5,spaceship,,,29/09/2026 14:20
7910fd46-17be-44f7-9e3b-b890315c90bb,epicene.rip,available,7.99,29.99,medium,low,7,name.com,,,12/08/2026 08:38
184fc853-9bd1-4885-9b38-f007f424615b,osama.rip,available,18.2,18.2,medium,low,5,cloudflare,,,29/09/2026 22:16
b95dc228-e989-44a5-a0f5-60817683a50e,slivery.rip,available,23.49,23.49,low,low,7,namesilo,,,10/09/2026 11:13
a851dd81-0cdb-4705-aff8-e033013b9ed0,blok.rip,available,23.49,23.49,high,low,4,namesilo,,,18/09/2026 05:01
e91282f8-9436-4384-a8b5-9bb360b3440a,shrewsbury.rip,available,4.5,19.48,medium,low,10,dynadot,,,27/09/2026 19:32
662671e4-7cc3-423c-aee4-f108d32c7008,reconsider.rip,available,18.83,18.83,medium,low,10,spaceship,,,28/09/2026 20:52
ec009372-ff12-4356-9eff-64bb257a8c31,avoidance.rip,available,24.98,32.98,medium,low,9,namecheap,,,21/09/2026 09:49
7bc28d90-b402-4ab6-bae6-a534572203d8,ancillary.rip,available,7.99,29.99,high,low,9,name.com,,,
afce8a83-dc27-48fc-af10-57f20e8daecc,sulfurized.rip,available,7.99,29.99,medium,low,10,name.com,,,11/09/2026 01:25
e1fa1cce-b4d3-4394-8845-c4beb43cce34,arrhenius.rip,available,23.49,23.49,high,low,9,namesilo,,,20/09/2026 09:11
11f29ede-fd66-4be4-a3d1-5e45a84378e7,cae.rip,available,18.83,18.83,high,low,3,spaceship,,,03/10/2026 04:00
39190e4f-a46e-4190-a1f0-a9e3e69fa8d0,vermicular.rip,available,23.49,23.49,medium,low,10,namesilo,,,13/09/2026 02:27
13a8cc85-2b54-4ac8-9296-3b5fc6e3c37c,cantala.rip,available,23.49,23.49,medium,low,7,namesilo,,,17/09/2026 16:42
8f581ec4-4fbb-4978-8599-3f5c0a051ce8,pettifog.rip,available,23.49,23.49,medium,low,8,namesilo,,,23/09/2026 13:20
9109e470-c263-454f-bf8e-5178aa7a4771,exiguous.rip,available,7.99,29.99,medium,low,8,name.com,,,17/08/2026 17:18
20567211-7924-4292-9fe7-b97dc44c3d5b,kennedy.rip,available,23.49,23.49,high,low,7,namesilo,,,25/09/2026 23:14
24e2e4ad-e292-4be7-8ca3-0dffbdbe392c,amnesiac.rip,available,7.99,29.99,medium,low,8,name.com,,,
e32248d9-d058-46d3-8081-7b021bc5f9b7,oscillations.rip,available,18.2,18.2,low,low,12,cloudflare,,,28/09/2026 12:58
0b59bf69-257d-4928-8805-5c22faa94282,animosity.rip,available,24.98,32.98,medium,low,9,namecheap,,,19/09/2026 09:20
32da0c55-29ed-411f-8fce-b5570900ea1d,qualification.rip,available,18.83,18.83,high,low,13,spaceship,,,03/10/2026 01:01
6bba4769-20fb-40a0-9a39-012d7e4c32d9,ignorance.rip,available,23.49,23.49,medium,low,9,namesilo,,,28/09/2026 10:08
f0c787d4-4f96-4f4b-b0ef-2d46a20f6e76,tectonics.rip,available,23.49,23.49,medium,low,9,namesilo,,,20/09/2026 02:14
16e4fc33-65d7-4d6e-bead-97e814dee4f7,blacksmith.rip,available,23.49,23.49,high,low,10,namesilo,,,24/09/2026 03:09
901f0028-c770-4ac6-b631-7a5dc65ef461,humber.rip,available,18.83,18.83,high,low,6,spaceship,,,29/09/2026 19:13
b658478b-d4a3-4cee-9538-6dad555c4446,safari.rip,available,18.83,18.83,high,low,6,spaceship,,,29/09/2026 07:19
3d22f640-56a4-4cce-9bd8-fd58443bee3a,machinist.rip,available,23.49,23.49,high,low,9,namesilo,,,19/09/2026 17:14
7127a0ba-0c43-4321-a6e4-a1db3deca6a7,nidifugous.rip,available,23.49,23.49,low,low,10,namesilo,,,03/09/2026 17:08
f28656e6-02b4-4a03-a00e-fd4783d46ce5,attended.rip,available,23.49,23.49,high,low,8,namesilo,,,22/09/2026 11:17
0064418b-6172-4783-ab4f-90e6577f23fa,braced.rip,available,7.99,29.99,medium,low,6,name.com,,,11/08/2026 00:17
5e25e00e-993d-477f-b0eb-d05c4f62e4f6,grumbler.rip,available,23.49,23.49,medium,low,8,namesilo,,,23/09/2026 06:49
05a0f5b1-3fb4-4304-8ae4-4cb30dc43c40,wakening.rip,available,4.5,19.48,high,low,8,dynadot,,,28/09/2026 23:37
8d7ad5da-316a-4c24-b36b-b8397d3f65b6,autograph.rip,available,23.49,23.49,high,low,9,namesilo,,,21/09/2026 06:37
ae5de9f6-7bcf-409f-86f2-f37324019d76,palish.rip,available,23.49,23.49,medium,low,6,namesilo,,,04/09/2026 23:41
30f00443-1a93-4cb8-9781-739efc452fc3,shortage.rip,available,4.63,19.05,medium,low,8,porkbun,,,28/09/2026 18:53
55d45db6-91c3-4e47-809d-424cef219977,erst.rip,available,7.99,29.99,medium,low,4,name.com,,,17/08/2026 13:07
3fa8f7d9-bc9a-44dd-9a70-33f34fe2981b,ticklish.rip,available,23.49,23.49,medium,low,8,namesilo,,,11/09/2026 15:33
f0f05392-fcdc-472a-b721-8c29077196a8,restore.rip,available,18.2,18.2,high,low,7,cloudflare,,,28/09/2026 01:17
142634cc-6ec7-4194-9df3-4c4a821fe5e0,manor.rip,available,18.2,18.2,high,low,5,cloudflare,,,28/09/2026 19:49
ed9d43df-d9ed-4cd0-a591-1cfbbc7c7901,salvation.rip,available,18.83,18.83,high,low,9,spaceship,,,28/09/2026 03:00
61b66f90-6fac-42b1-9354-5549bb90e638,anciently.rip,available,23.49,23.49,medium,low,9,namesilo,,,13/09/2026 19:42
d2cae978-e1f8-4d74-8384-372b3a3d6132,armillaria.rip,available,23.49,23.49,medium,low,10,namesilo,,,20/09/2026 07:07
864f6455-65eb-4127-a142-9ead685c23b3,leukaemia.rip,premium,78.54,78.54,medium,low,9,namesilo,,,24/09/2026 11:59
d76370fa-39f6-4b0c-9938-b61218d8cff1,gratification.rip,available,23.49,23.49,medium,low,13,namesilo,,,02/10/2026 01:26
663cb51d-8328-4959-aeb1-b69f2660d27c,retrograde.rip,available,23.49,23.49,high,low,10,namesilo,,,09/09/2026 15:46
1deb1dc2-cde0-4256-a628-dd9e8a7a134a,atar.rip,available,24.98,32.98,medium,low,4,namecheap,,,20/09/2026 19:24
e35470a3-4ae7-4b21-a8d4-a07b0e8bfe38,hospitable.rip,available,7.99,29.99,high,low,10,name.com,,,21/08/2026 14:16
523cebb3-3173-4dc1-8790-87fc55f94b12,vividly.rip,available,23.49,23.49,high,low,7,namesilo,,,16/09/2026 11:06
c74d323d-bf01-4653-84de-991826572d2c,removal.rip,available,24.5,,high,low,7,unstoppable,,,30/09/2026 09:46
46a43e1b-71f8-4f48-a742-b3371b75d2b6,actinidia.rip,available,23.49,23.49,medium,low,9,namesilo,,,17/09/2026 04:47
e264be58-fcc9-43be-aee0-850392c32352,ramsey.rip,available,23.49,23.49,high,low,6,namesilo,,,25/09/2026 15:22
cc461554-1328-4d67-906a-521fc25ca435,lavishly.rip,available,23.49,23.49,medium,low,8,namesilo,,,15/09/2026 11:03
0fdeeab9-577f-4b60-9b34-c1fd84facb58,laid.rip,available,23.49,23.49,high,low,4,namesilo,,,25/09/2026 13:04
ed7b8c23-5a30-4478-9429-5c31a9720acc,distortion.rip,available,23.49,23.49,high,low,10,namesilo,,,11/09/2026 21:55
fc3d032b-7392-4d04-9c31-da4407e3ef58,scenario.rip,available,18.83,18.83,high,low,8,spaceship,,,28/09/2026 06:43
7bcd7873-62aa-4dff-b246-1c7da79f5409,luz.rip,available,18.2,18.2,medium,low,3,cloudflare,,,28/09/2026 21:47
af86fe7a-3204-439d-8dd7-edee953ea716,islington.rip,available,18.83,18.83,medium,low,9,spaceship,,,30/09/2026 04:50
1b2b112c-b11d-43ca-a31c-7944fb262952,chilean.rip,available,7.99,29.99,high,low,7,name.com,,,12/08/2026 05:15
1e87afce-a09d-47a1-af7a-9dca1adcc99b,astonishing.rip,available,18.2,18.2,high,low,11,cloudflare,,,29/09/2026 21:10
0fbc9939-0648-4753-97d4-9759210a7346,leisure.rip,available,18.83,18.83,high,low,7,spaceship,,,01/10/2026 20:30
94e33368-cdab-4484-b866-f317a7d0dd3d,lordly.rip,available,7.99,29.99,high,low,6,name.com,,,07/08/2026 17:05
364597dc-09e8-4df8-afcf-92569a1fab8a,russet.rip,available,24.98,32.98,high,low,6,namecheap,,,09/09/2026 20:06
a020e2cb-f738-452e-9e64-67c0ffad3e5e,frustrating.rip,available,18.83,18.83,medium,low,11,spaceship,,,29/09/2026 14:46
c6b1d863-511a-46b4-839e-ce6a0f4c4940,elmo.rip,available,23.49,23.49,high,low,4,namesilo,,,30/09/2026 05:11
6e2eb5a2-a998-4f21-8e10-7c698138c02c,useful.rip,available,18.2,18.2,high,low,6,cloudflare,,,28/09/2026 10:01
87738c0c-fe9a-4d05-bb2b-5989cffce780,motorcoach.rip,available,23.49,23.49,medium,low,10,namesilo,,,21/09/2026 06:31
152a1ec3-758d-4fba-8000-579fd66f75cb,bedfellow.rip,available,24.98,32.98,medium,low,9,namecheap,,,22/09/2026 23:14
739581e0-881f-4637-848d-99807bbda8b4,tortrix.rip,available,23.49,23.49,medium,low,7,namesilo,,,20/09/2026 05:04
e14ab355-b76c-4281-baf0-d869b959aaa2,protective.rip,available,23.49,23.49,high,low,10,namesilo,,,27/09/2026 07:44
87849228-f4f6-43ea-be29-67a03108f74c,height.rip,available,24.98,32.98,high,low,6,namecheap,,,25/09/2026 19:39
6e598e95-3c36-49fe-85de-64962e44c1c8,reviving.rip,available,23.49,23.49,high,low,8,namesilo,,,09/09/2026 14:08
0d4f570d-9b27-4855-97cc-9d5467112294,refused.rip,available,23.49,23.49,medium,low,7,namesilo,,,18/09/2026 13:40
75d9adb4-4bc0-4bcd-aac5-db7568f17c2c,waco.rip,available,23.49,23.49,high,low,4,namesilo,,,28/09/2026 06:51
fd26d24f-da7b-4598-96bf-65df5a9d8d61,received.rip,available,23.49,23.49,high,low,8,namesilo,,,27/09/2026 10:43
1cb6c44d-fe6a-43d0-bf50-3a93243e96f7,windmills.rip,available,23.49,23.49,medium,low,9,namesilo,,,20/09/2026 13:55
288d7248-70ea-46fd-b558-e575236c75ea,legally.rip,available,7.99,29.99,medium,low,7,name.com,,,13/08/2026 19:07
fa809a07-1f03-474d-a60a-47386f501a18,washable.rip,available,23.49,23.49,high,low,8,namesilo,,,13/09/2026 08:29
332a3462-47ba-4612-ac41-4eadce22233d,racial.rip,available,23.49,23.49,high,low,6,namesilo,,,09/09/2026 09:19
c8006234-fddb-4b6e-a47e-82ea7efd908d,finish.rip,available,23.49,23.49,high,low,6,namesilo,,,08/09/2026 15:33
b509e0af-8f7e-4766-a41a-adc54440a1b8,probing.rip,available,7.99,29.99,high,low,7,name.com,,,22/08/2026 06:21
74418ee6-9260-4b72-a6ab-a757ead3025f,chunky.rip,available,7.99,29.99,high,low,6,name.com,,,12/08/2026 07:44
21a97aa9-3465-4ff8-a32f-e5bf9d31aa79,avesta.rip,available,24.98,32.98,medium,low,6,namecheap,,,21/09/2026 09:22
bcc19447-819b-4e9b-9fe5-8192d49a7904,affined.rip,available,7.99,29.99,medium,low,7,name.com,,,
23764549-16dd-45cd-9077-fe212e411f7c,dromedary.rip,available,24.98,32.98,medium,low,9,namecheap,,,19/09/2026 23:32
1fd921cf-1d68-447f-8815-1a7f63f5fc9e,coercive.rip,available,7.99,29.99,medium,low,8,name.com,,,12/08/2026 15:24
44c63136-ebb4-4862-b085-3594aa03fc24,hither.rip,available,23.49,23.49,medium,low,6,namesilo,,,15/09/2026 00:48
afdf114c-2693-4da3-b539-66af7259bb9a,archetypal.rip,available,7.99,29.99,medium,low,10,name.com,,,06/08/2026 15:32
868a0f3e-cd48-4f19-b0c5-a21200dec16d,odense.rip,available,18.2,18.2,medium,low,6,cloudflare,,,03/10/2026 05:24
dad40588-1891-4335-973b-415446df3532,bashfully.rip,available,23.49,23.49,medium,low,9,namesilo,,,13/09/2026 23:41
71d21b57-268b-4cb5-8b08-0ae4c48bdb79,katharsis.rip,available,23.49,23.49,medium,low,9,namesilo,,,16/09/2026 17:05
da3776ee-d813-4e64-86f3-3d7c2556fd4f,airedale.rip,available,23.49,23.49,medium,low,8,namesilo,,,17/09/2026 23:08
cbd74b0b-02f1-4e43-aa17-ddab7b19b6fa,charged.rip,available,7.99,29.99,high,low,7,name.com,,,12/08/2026 02:31
a6879c4e-0048-428f-ba66-9c4fee792bd8,monitor.rip,available,18.83,18.83,high,low,7,spaceship,,,28/09/2026 18:50
e73a01c2-de37-48fe-b4ca-07983f041ed5,biltong.rip,available,23.49,23.49,medium,low,7,namesilo,,,23/09/2026 16:53
175dd0a1-3e9c-46cb-818e-5b9c47c56c5a,owed.rip,available,23.49,23.49,medium,low,4,namesilo,,,27/09/2026 17:35
033352d4-dc23-416c-8c26-bd60d72c3f08,artaxerxes.rip,available,23.49,23.49,medium,low,10,namesilo,,,20/09/2026 10:06
cb33daf9-c9a1-4e15-b0cd-90d3b796e6ac,endless.rip,available,7.99,29.99,high,low,7,name.com,,,13/08/2026 18:44
003f560d-4ae1-4f95-be6a-7c4342a58003,centenary.rip,available,7.99,29.99,high,low,9,name.com,,,11/08/2026 23:54
8b213941-8ad9-4d3b-8d15-0fa03c3683ea,pce.rip,available,18.83,18.83,high,low,3,spaceship,,,02/10/2026 23:26
3b296e06-f1bf-4600-aedc-fe28eefe4391,marry.rip,available,23.49,23.49,high,low,5,namesilo,,,13/09/2026 09:36
2850d859-3eda-46c7-a974-ec6d27f5c829,flanks.rip,available,24.5,,low,low,6,unstoppable,,,01/10/2026 15:30
9153acb9-3af7-4aca-86e7-fe5f8c6516d2,necks.rip,available,23.49,23.49,medium,low,5,namesilo,,,19/09/2026 20:42
c8b0954a-95fc-414c-81cd-31679b16ca27,aligned.rip,available,7.99,29.99,high,low,7,name.com,,,
b10997ae-d229-45e0-8882-82abd23341c3,jacobi.rip,available,23.49,23.49,high,low,6,namesilo,,,29/09/2026 07:21
7dae1e40-dd7e-423e-a1da-d11cfef1e058,ayurveda.rip,available,23.49,23.49,high,low,8,namesilo,,,21/09/2026 10:52
7d8351a9-a06d-41ab-8c4f-68875a034e4d,acidic.rip,available,7.99,29.99,high,low,6,name.com,,,
310d4f28-0680-4060-abcd-239a0146b004,slides.rip,available,18.83,18.83,medium,low,6,spaceship,,,29/09/2026 05:46
565f50ca-8186-4f9f-897c-9f98e48d676d,onside.rip,available,23.49,23.49,medium,low,6,namesilo,,,04/09/2026 15:17
32e0f256-7d6e-493e-be27-671fed214373,finch.rip,available,18.83,18.83,high,low,5,spaceship,,,29/09/2026 06:55
2916fc16-b1bb-451d-bfbb-4fc506a73606,dearie.rip,available,7.99,29.99,high,low,6,name.com,,,13/08/2026 18:19
ff9fe9b6-3587-405f-a534-36287494b28b,herbie.rip,available,24.5,,medium,low,6,unstoppable,,,30/09/2026 21:29
f37986e4-8a29-47ce-a225-75df5c6da336,autostrada.rip,available,24.98,32.98,medium,low,10,namecheap,,,21/09/2026 07:54
ed59d09d-763f-4c43-b6aa-c3a7a2122350,nes.rip,available,23.49,23.49,high,low,3,namesilo,,,28/09/2026 03:45
45a789de-3155-4b12-b5ec-9f3e63b8d93b,peddling.rip,available,23.49,23.49,medium,low,8,namesilo,,,30/09/2026 02:33
05d387f1-2573-490f-9376-fa4f16b40483,drippage.rip,available,23.49,23.49,medium,low,8,namesilo,,,14/09/2026 14:34
d7910afe-4843-4aae-93bf-d7575ee92de5,rehearsing.rip,available,23.49,23.49,high,low,10,namesilo,,,01/10/2026 06:10
4fc0f534-8cf4-46fe-9fba-439e108c422f,maud.rip,available,18.83,18.83,medium,low,4,spaceship,,,01/10/2026 07:00
f67e18d3-a9a2-4202-89cb-f51513ad457c,enabled.rip,available,24.5,,high,low,7,unstoppable,,,30/09/2026 19:35
a5832c65-3baa-427e-83d3-54b390510910,turbulence.rip,available,18.83,18.83,high,low,10,spaceship,,,29/09/2026 08:09
367909cf-6480-49a3-b2bb-76d51742c867,hla.rip,available,24.5,,high,low,3,unstoppable,,,29/09/2026 09:14
23091c9a-d938-4628-8221-d1d89d52aa6a,angara.rip,available,23.49,23.49,medium,low,6,namesilo,,,19/09/2026 05:44
90121027-950b-40b9-b470-ce818cd54887,swallowing.rip,available,18.2,18.2,high,low,10,cloudflare,,,01/10/2026 23:01
b3330b63-afa9-4abd-abbb-a23945e28d74,baseless.rip,available,7.99,29.99,medium,low,8,name.com,,,08/08/2026 21:44
96d767f0-e9d9-45e4-9a5a-6b23dabda2df,twining.rip,available,23.49,23.49,medium,low,7,namesilo,,,02/10/2026 11:20
665e0533-27f0-4450-9ea4-0c0e56c79ce8,wheeler.rip,available,23.49,23.49,high,low,7,namesilo,,,23/09/2026 13:27
78119fac-93ab-45c0-a9df-785a4aacb24a,tenured.rip,available,23.49,23.49,medium,low,7,namesilo,,,11/09/2026 11:43
92886067-ca19-4bef-b49a-381196ad3b58,revolutions.rip,available,23.49,23.49,medium,low,11,namesilo,,,20/09/2026 15:34
5b88654f-4205-4d3e-aa12-4e23099a594d,kechua.rip,available,7.99,29.99,medium,low,6,name.com,,,22/08/2026 15:23
7ea223c5-271e-4d63-b497-35a11deee1fa,khyber.rip,available,23.49,23.49,medium,low,6,namesilo,,,01/10/2026 04:47
a0ef970b-2318-42cc-a29b-2c5c4761a975,aplitic.rip,available,7.99,29.99,medium,low,7,name.com,,,06/08/2026 00:35
5ec7798a-7f8c-4cfa-886c-0b9279a6c8f8,gymnastic.rip,available,7.99,29.99,high,low,9,name.com,,,
d2734b5e-fe75-450a-80e5-a66fa1a9589d,fundamental.rip,available,23.49,23.49,high,low,11,namesilo,,,28/09/2026 11:15
4589d8d6-afb1-4dbc-9d75-522a82ef5243,behaviours.rip,available,23.49,23.49,medium,low,10,namesilo,,,20/09/2026 22:06
65a4abe3-7530-4f78-b883-c310128b1c5a,tog.rip,available,24.98,32.98,high,low,3,namecheap,,,19/09/2026 20:00
62570674-edbd-4412-b563-f520301ee304,unprovable.rip,available,23.49,23.49,medium,low,10,namesilo,,,12/09/2026 17:29
0d9d4fe4-135d-440d-8a3a-505636c9c414,prefixed.rip,available,23.49,23.49,medium,low,8,namesilo,,,30/09/2026 23:59
69830731-d393-4ce7-a0ed-a8f5ce29850a,reformer.rip,available,23.49,23.49,high,low,8,namesilo,,,19/09/2026 15:23
ea000146-86a3-4f98-a54e-e56b9a3b20e0,bathroom.rip,available,23.49,23.49,high,low,8,namesilo,,,27/09/2026 06:27
3d4c39bf-c5f5-4df4-a192-fc8baa82705a,catholic.rip,available,7.99,29.99,high,low,8,name.com,,,11/08/2026 22:01
2fc734a8-6478-4e32-9c3e-6eef7b8c5f8f,ailanthus.rip,available,24.98,32.98,medium,low,9,namecheap,,,17/09/2026 21:07
c84254a6-fa1a-4bc6-9844-753405fbff70,francs.rip,available,4.5,19.48,low,low,6,dynadot,,,28/09/2026 13:09
dba575e3-d5a0-488e-9a75-f1fefd852c48,substrates.rip,available,23.49,23.49,medium,low,10,namesilo,,,25/09/2026 21:45
d056f92b-4673-4435-8a0e-60d4bb0bf2cd,glorious.rip,available,7.99,29.99,high,low,8,name.com,,,20/08/2026 14:48
a3622824-aa0a-44dc-9c44-e6b8aaed3cb4,fountain.rip,available,18.83,18.83,high,low,8,spaceship,,,27/09/2026 13:35
e4cc3efe-bdcc-426f-99d8-4dc8f6f3fe29,dall.rip,available,18.2,18.2,medium,low,4,cloudflare,,,01/10/2026 05:50
56b91a96-ee9b-47ff-aeaa-fdc66975d021,dietetic.rip,available,7.99,29.99,medium,low,8,name.com,,,14/08/2026 06:56
78903efb-29f4-4710-9967-45f2d41b345e,chilly.rip,available,7.99,29.99,high,low,6,name.com,,,12/08/2026 05:30
498757a7-158d-4a3e-b54c-544fe58f371a,kurrat.rip,available,23.49,23.49,medium,low,6,namesilo,,,18/09/2026 11:14
262b6a5c-a28c-42eb-8a1f-f019c919bfb9,recommended.rip,available,18.83,18.83,medium,low,11,spaceship,,,28/09/2026 08:36
ca089f06-7b6b-45ea-a829-429b8a77f76f,metaphoric.rip,available,7.99,29.99,medium,low,10,name.com,,,24/08/2026 21:45
06b7d922-ae4b-4613-8389-c913eca50ad7,ticking.rip,available,24.5,,high,low,7,unstoppable,,,30/09/2026 13:16
c3c37aa4-ff27-4523-8027-c70db438f049,monsoon.rip,available,18.2,18.2,high,low,7,cloudflare,,,30/09/2026 18:04
38e18592-9a66-4e30-8f66-13c51e6c277c,surfbird.rip,available,23.49,23.49,medium,low,8,namesilo,,,19/09/2026 17:13
7f53ae57-d76b-4f41-9927-0aa439734362,monty.rip,available,18.83,18.83,medium,low,5,spaceship,,,28/09/2026 11:58
933b801e-33a1-4832-a5be-7c8edca1da37,blended.rip,available,7.99,29.99,high,low,7,name.com,,,10/08/2026 14:14
c9401f9a-cb32-4935-b4cf-125731cb2016,skater.rip,available,18.83,18.83,high,low,6,spaceship,,,01/10/2026 03:43
cb5a1c87-6139-4a6c-a501-8e8d3aed2bec,kinship.rip,available,18.2,18.2,high,medium,7,cloudflare,,,02/10/2026 15:04
a642ae92-cb25-43c3-9f68-c2136de557f8,increases.rip,available,18.83,18.83,medium,low,9,spaceship,,,29/09/2026 10:46
b8d8faa1-315e-44f9-8338-1340eb7ea7bd,woodruff.rip,available,23.49,23.49,medium,low,8,namesilo,,,20/09/2026 15:04
cbb283fc-7ff8-4ac6-b4b1-298e7f227143,chapstick.rip,available,7.99,,high,low,9,name.com,,,
6134049c-dee3-4181-9f71-4d76618ca556,lovingness.rip,available,7.99,29.99,high,low,10,name.com,,,11/08/2026 19:18
b10ede52-904e-4fbc-95c2-518e70c7d8ed,cousins.rip,available,24.98,32.98,high,low,7,namecheap,,,19/09/2026 21:00
4c4e1840-6a7d-4d50-9d97-8b73931ce0e9,sleety.rip,available,7.99,29.99,medium,low,6,name.com,,,10/09/2026 10:41
6e125ef4-0688-4f69-a12d-acafc02a2ed5,crush.rip,available,23.49,23.49,high,low,5,namesilo,,,25/09/2026 09:11
8ebae62f-c973-4c46-ae1d-8a42e33a3aa0,vibes.rip,available,24.5,,high,medium,5,unstoppable,,,03/10/2026 02:20
f0f0d91c-1e3e-4110-b225-19e2977abc27,filial.rip,available,7.99,29.99,high,low,6,name.com,,,18/08/2026 04:17
e8f3d304-afc0-4443-8106-1c60eec53e04,geraldine.rip,available,4.5,19.48,medium,low,9,dynadot,,,28/09/2026 11:54
a34dd111-d33b-4a7b-bbe6-e6fa33204227,shortages.rip,available,23.49,23.49,medium,low,9,namesilo,,,21/09/2026 03:14
4f03e08a-2665-49b2-b41d-31df9924ce65,upstate.rip,available,23.49,23.49,high,low,7,namesilo,,,16/09/2026 10:25
984d034c-7194-4293-960e-0ee681cb51b3,watt.rip,available,18.83,18.83,high,low,4,spaceship,,,30/09/2026 00:36
f5fb5913-6977-4138-bb21-5425c81f7879,narrowing.rip,available,7.99,29.99,high,low,9,name.com,,,12/08/2026 23:00
a63b0e9e-0154-469f-bf1d-bcf9e08294b5,trimming.rip,available,18.83,18.83,high,low,8,spaceship,,,02/10/2026 06:00
a6048d8c-86de-426a-a177-a5f1bf7f16fc,shaver.rip,available,7.99,29.99,medium,low,6,name.com,,,25/08/2026 00:03
1ccb8a2e-4b09-4375-9d99-5a4396b96263,informers.rip,available,23.49,23.49,medium,low,9,namesilo,,,21/09/2026 09:19
ff3aafd2-cf26-49cc-b9da-8244069390b1,libraries.rip,available,23.49,23.49,medium,low,9,namesilo,,,20/09/2026 00:02
223e8716-5f33-481e-9ec8-bdbcfa5bbe2e,sharon.rip,available,23.49,23.49,high,low,6,namesilo,,,27/09/2026 06:30
461555f9-9d0a-4320-925f-1162c35b172d,pound.rip,available,23.49,23.49,medium,low,5,namesilo,,,29/09/2026 04:26
4b12f273-3b87-472e-a5f1-be29d55e02cc,alcoholism.rip,available,23.49,23.49,medium,low,10,namesilo,,,18/09/2026 04:06
ac909660-096f-4f39-b7a9-eca5d09d00da,educative.rip,available,7.99,29.99,high,low,9,name.com,,,15/08/2026 11:09
dbdb0280-9be3-43a1-a7c2-3dad8e080bc0,mutually.rip,available,23.49,23.49,medium,low,8,namesilo,,,15/09/2026 15:56
55394807-27ce-469b-bcf4-80fbebd56fe1,gita.rip,available,23.49,23.49,medium,low,4,namesilo,,,23/09/2026 12:33
b7615f47-a803-496a-be70-a0f3412b6e62,ceylon.rip,available,18.83,18.83,high,low,6,spaceship,,,02/10/2026 14:38
928abc08-9b5d-47a0-a724-1349a62dc76b,swings.rip,available,24.98,32.98,medium,low,6,namecheap,,,29/09/2026 05:46
13c6f708-473e-4289-9d61-89e56babdee0,sterility.rip,available,23.49,23.49,medium,low,9,namesilo,,,19/09/2026 15:04
c7691370-35e6-4911-a17b-4f313701e822,empathic.rip,available,7.99,29.99,high,low,8,name.com,,,16/08/2026 16:41
b71b07d2-1590-4635-8cba-2547074410f9,pounding.rip,available,7.99,29.99,high,low,8,name.com,,,11/09/2026 14:51
cfb12f1f-9fc4-4c07-8016-a1c29e7e2904,lammas.rip,available,23.49,23.49,medium,low,6,namesilo,,,21/09/2026 03:43
ef64fc4f-46be-474f-a3c5-120dc554fd7e,angler.rip,available,23.49,23.49,high,low,6,namesilo,,,18/09/2026 11:39
c63cd3cf-572b-433a-afe5-f28cd5f9387b,frequently.rip,available,23.49,23.49,medium,low,10,namesilo,,,28/09/2026 14:57
fad8c54c-2f07-4cd2-bd64-7e73ac8519f2,marxist.rip,available,7.99,29.99,high,low,7,name.com,,,10/08/2026 17:53
dab2ca98-e113-4ebe-8918-7e70c9b2aa51,rehearsed.rip,available,18.2,18.2,medium,low,9,cloudflare,,,02/10/2026 18:15
c7e400fe-c827-46c9-8ebb-3fd0be888748,worrisome.rip,available,7.99,29.99,medium,low,9,name.com,,,14/08/2026 13:21
50968e26-8518-4fdd-b408-20880b3437af,totalizer.rip,available,23.49,23.49,medium,low,9,namesilo,,,17/09/2026 06:58
dd6bb40d-8fa7-43d6-86c0-8ca779c819bf,periodic.rip,available,23.49,23.49,medium,low,8,namesilo,,,08/09/2026 17:11
44258680-3a6d-4d31-8832-8123ed0e85b8,instal.rip,available,4.63,19.05,high,low,6,porkbun,,,30/09/2026 20:23
e40717bf-cae1-465c-8daa-0874f7439b82,ipsus.rip,available,23.49,23.49,medium,low,5,namesilo,,,22/09/2026 15:09
13642cb8-6ca6-4b68-a778-590af8d6f8f0,murderers.rip,available,23.49,23.49,low,low,9,namesilo,,,28/09/2026 23:41
0db96235-06c1-4ee9-984d-bf4bfa489fc0,metrical.rip,available,7.99,29.99,medium,low,8,name.com,,,24/08/2026 22:08
057c3e45-49ff-4341-b101-64ff752b69b3,clemson.rip,available,24.98,32.98,high,low,7,namecheap,,,27/09/2026 07:07
efc9af73-b9f8-47da-b2a8-d0e2c484eaed,uncomfortably.rip,available,23.49,23.49,medium,low,13,namesilo,,,01/10/2026 19:39
95196e3f-f00f-4ce1-be61-0a86a15462a9,busts.rip,available,18.83,18.83,medium,low,5,spaceship,,,02/10/2026 12:21
b15ac7c8-7f3d-473e-9b4b-e8d6195f2944,empties.rip,available,18.2,18.2,medium,low,7,cloudflare,,,02/10/2026 22:37
2ef30707-031f-478e-8de1-69b5c4227035,abernathy.rip,available,18.83,18.83,medium,low,9,spaceship,,,02/10/2026 20:18
b549b2d7-cb1d-4992-8f47-ac9c4ba3f6d7,numinous.rip,available,23.49,23.49,medium,low,8,namesilo,,,03/09/2026 23:01
7dd3cb32-3695-4715-83fc-7155fff5ba0a,makeshift.rip,available,7.99,29.99,high,low,9,name.com,,,21/08/2026 23:21
1b92c757-6700-48aa-a1ac-39f502455800,anaerobe.rip,available,23.49,23.49,medium,low,8,namesilo,,,19/09/2026 01:18
f0be2de0-6fb7-4352-b9c9-61e67270d30d,hhs.rip,available,23.49,23.49,high,low,3,namesilo,,,29/09/2026 12:02
a2b9a09a-8c18-4b7b-9608-15d049b3f09c,kunming.rip,available,23.49,23.49,medium,low,7,namesilo,,,02/10/2026 19:45
3420e3c7-b23f-4c12-8a10-915a600c78de,speer.rip,available,24.98,32.98,high,low,5,namecheap,,,18/09/2026 02:44
1d766cf3-806b-4303-bab6-8028b3bb40fe,braddock.rip,available,18.83,18.83,medium,low,8,spaceship,,,29/09/2026 15:49
d05a2bcf-68d3-483e-9d6f-8e2776154565,sto.rip,available,23.49,23.49,high,low,3,namesilo,,,02/10/2026 11:55
ee24844a-7053-4779-91f0-9b9b476bd179,lombard.rip,available,23.49,23.49,high,low,7,namesilo,,,02/10/2026 05:34
baf9355b-6730-4f61-a420-b269da8fbeac,ravenous.rip,available,7.99,29.99,medium,low,8,name.com,,,15/08/2026 06:13
8881f2f6-c262-40d7-a113-de445a3f5c04,accelerate.rip,available,24.98,32.98,high,low,10,namecheap,,,29/09/2026 02:40
263d9db8-15ad-4e5e-b631-95f0a412ce82,bhakti.rip,available,23.49,23.49,high,low,6,namesilo,,,23/09/2026 12:33
7b790c38-e88a-4f53-9e27-22638fcc66e2,barbu.rip,available,23.49,23.49,medium,low,5,namesilo,,,22/09/2026 05:04
8ea59315-6221-454a-b14b-ab9bfc532064,beaded.rip,available,7.99,29.99,medium,low,6,name.com,,,09/08/2026 03:18
61024452-8f7b-49b4-a57d-47804bc81cae,porkfish.rip,available,24.98,32.98,medium,low,8,namecheap,,,19/09/2026 09:38
81abfbe8-a347-4b75-9624-816ec5475930,pusan.rip,available,18.2,18.2,medium,low,5,cloudflare,,,02/10/2026 16:27
d70fbcf4-70f9-46fc-bc81-e0709f301461,enlighten.rip,available,18.83,18.83,high,low,9,spaceship,,,30/09/2026 18:09
9989f9bf-5cd4-4631-aee9-1bbb419091ef,mixture.rip,available,23.49,23.49,high,low,7,namesilo,,,25/09/2026 21:57
82541e69-e5e0-4c2e-bc43-945e8c9d01b8,condo.rip,available,18.83,18.83,high,low,5,spaceship,,,29/09/2026 10:41
910a6331-44d5-4c63-a153-dee47970095e,checkers.rip,available,23.49,23.49,high,low,8,namesilo,,,24/09/2026 13:59
bf765a0a-de13-4e21-ba39-eb3e8005010a,unshaken.rip,available,23.49,23.49,high,low,8,namesilo,,,12/09/2026 07:04
3c979783-1c57-4d2c-869e-40f5e7f6542e,glassless.rip,available,7.99,29.99,medium,low,9,name.com,,,20/08/2026 14:11
d3a5c9d5-96dd-4932-a433-5905e339752a,wicklow.rip,available,18.83,18.83,medium,low,7,spaceship,,,01/10/2026 23:14
157f4aea-4d48-42e1-b340-202f60f29e4b,leading.rip,available,23.49,23.49,high,low,7,namesilo,,,02/10/2026 07:26
df91e8a3-ec7c-4a16-ae8f-2f5667d44278,testily.rip,available,23.49,23.49,low,low,7,namesilo,,,15/09/2026 09:30
20841149-5b20-428d-bf80-c27498d3b6d0,whoever.rip,available,23.49,23.49,medium,low,7,namesilo,,,02/10/2026 19:38
735657e9-3168-417e-b724-f46cf64b5daf,henri.rip,available,23.49,23.49,high,low,5,namesilo,,,18/09/2026 10:47
58e1b517-d65f-4321-9986-9f5fb0ef3572,grandma.rip,resell,,,high,low,7,united-domains GmbH,28/08/2016 15:30,28/08/2027 15:30,29/09/2026 21:15
b40d90da-3df8-418a-88ef-8fb70ea9546d,utopian.rip,available,23.49,23.49,high,low,7,namesilo,,,13/09/2026 00:12
68566a44-94e3-4749-bf47-952067b4ea1d,ritter.rip,available,18.83,18.83,high,low,6,spaceship,,,01/10/2026 22:24
3f4030b4-a626-4132-a51a-4563e00e32d3,deerfield.rip,available,24.98,32.98,high,low,9,namecheap,,,29/09/2026 10:06
b2fa9993-6fe1-441d-bf49-1cce6cf8e9be,nkvd.rip,available,4.5,19.48,medium,low,4,dynadot,,,30/09/2026 04:47
9271b585-9089-4294-b91e-4d61d0dc6963,pdc.rip,available,24.5,,high,low,3,unstoppable,,,29/09/2026 09:09
ae3cdeec-eb64-4c21-b19d-3ae903fbef98,cemetery.rip,resell,,,high,low,8,,,,27/09/2026 12:06
04c7444c-052f-4497-8f90-ae40303a274b,compel.rip,available,23.49,23.49,medium,low,6,namesilo,,,03/09/2026 23:39
b2116411-5b37-4f49-a6b8-85fae7a42471,cyclic.rip,available,7.99,29.99,high,low,6,name.com,,,13/08/2026 13:31
8c271794-4606-4183-b3d6-03ba9c9d4299,granting.rip,available,18.2,18.2,high,low,8,cloudflare,,,01/10/2026 22:30
f0be0415-75cb-44c3-aab8-333961746d1c,shops.rip,available,23.49,23.49,high,low,5,namesilo,,,18/09/2026 06:22
26aac13b-b681-44bd-a1cb-a4ff83d297ed,rises.rip,available,23.49,23.49,low,low,5,namesilo,,,28/09/2026 13:01
5efb32f4-bcfd-4b40-8250-a25003230613,baton.rip,available,23.49,23.49,high,low,5,namesilo,,,22/09/2026 14:13
67d8f8ae-018f-4682-a5fa-9298587d068f,vitamin.rip,available,23.49,23.49,high,low,7,namesilo,,,08/09/2026 14:16
770bf2ee-1e30-4553-8a67-186f96a34288,longwise.rip,available,7.99,29.99,medium,low,8,name.com,,,22/08/2026 23:42
4ae36d6e-6859-4ef0-b32c-800d3e13b108,harnessed.rip,available,7.99,29.99,medium,low,9,name.com,,,21/08/2026 01:05
276df554-066a-4b42-9e98-ec2cf4f08074,pep.rip,available,18.2,18.2,high,low,3,cloudflare,,,02/10/2026 06:03
b8ce2c73-da0c-46bb-bb34-ecd9e03da2c8,lafayette.rip,available,24.98,32.98,high,low,9,namecheap,,,30/09/2026 01:47
950f915c-2515-4130-9517-c06a7ca82fc1,activation.rip,available,7.99,29.99,high,low,10,name.com,,,
e819fb3c-e6e8-4888-aea4-aca3ec17d1ac,ils.rip,available,23.49,23.49,medium,low,3,namesilo,,,30/09/2026 00:10
63672277-a9df-487c-ac9d-914724b8aeab,tamworth.rip,available,23.49,23.49,high,low,8,namesilo,,,01/10/2026 23:32
4d517c2c-69ee-4f39-8e0b-e7c5535ee133,enured.rip,available,7.99,29.99,low,low,6,name.com,,,17/08/2026 09:59
e71f42d0-5f70-41a0-816a-7fbcdef10e3e,permit.rip,available,23.49,23.49,high,low,6,namesilo,,,24/09/2026 18:39
cef62f77-5f77-4017-baca-76190f40ea19,pernicious.rip,available,7.99,29.99,medium,low,10,name.com,,,08/08/2026 12:01
09756993-d79c-47c5-82ba-4e6fdd461d04,disagreement.rip,available,18.83,18.83,medium,low,12,spaceship,,,29/09/2026 10:22
97222d82-fc1f-45ae-b09e-6d430d0db21d,unshod.rip,available,7.99,29.99,medium,low,6,name.com,,,14/08/2026 09:48
8d04a54f-4f9a-472c-aac6-0b5fe172b38d,pane.rip,available,23.49,23.49,high,low,4,namesilo,,,21/09/2026 14:30
c34477e9-7dc6-4b3f-9e84-4008ac52abea,wyoming.rip,premium,68.51,68.51,high,low,7,spaceship,,,29/09/2026 06:48
d1692bd0-b8b5-40d2-af58-a264d9b6f9bd,tunes.rip,available,24.5,,medium,low,5,unstoppable,,,28/09/2026 18:03
5a78c870-4b6a-4710-b37c-b2972c953c90,leggett.rip,available,24.5,,high,low,7,unstoppable,,,01/10/2026 23:34
fc1f3205-abd4-43ad-b773-be1d408b2aa7,alcahest.rip,available,23.49,23.49,medium,low,8,namesilo,,,18/09/2026 03:43
a02c57a3-08d1-44cb-80c2-34cfc42c4312,lebanese.rip,available,7.99,29.99,high,low,8,name.com,,,22/08/2026 22:15
ecea027c-1e55-44b3-9801-7d3b8d9a315f,every.rip,available,23.49,23.49,high,medium,5,namesilo,,,01/10/2026 00:41
7c114f72-241f-4d7f-9700-667de57f4d1b,daringly.rip,available,23.49,23.49,medium,low,8,namesilo,,,14/09/2026 10:37
3ce19f71-7a2a-4ddd-8663-d72ddb887e6f,wetter.rip,available,23.49,23.49,high,low,6,namesilo,,,22/09/2026 23:07
476eb54f-f482-4306-8498-dc3d9ba00154,viewpoint.rip,available,18.2,18.2,high,low,9,cloudflare,,,29/09/2026 20:00
9f58dc15-59cd-4099-8842-68a8528290ca,mortars.rip,available,7.99,29.99,low,low,7,name.com,,,21/09/2026 02:28
7d46c7bd-1b82-4055-94e7-a807d06e23e7,folds.rip,available,24.5,,medium,low,5,unstoppable,,,30/09/2026 14:49
06f4a919-ad8f-4815-86b3-f140347a1341,chic.rip,available,7.99,29.99,high,low,4,name.com,,,12/08/2026 04:40
ada4243e-a33f-405e-83d8-7de929594834,dainty.rip,available,7.99,29.99,high,low,6,name.com,,,13/08/2026 15:40
1c70210f-8704-4783-9243-4dd1deebb403,barnum.rip,available,23.49,23.49,medium,low,6,namesilo,,,22/09/2026 06:55
39197010-8639-458b-a759-b16843a89290,eroticism.rip,available,23.49,23.49,medium,low,9,namesilo,,,18/09/2026 16:10
8e032ed8-fcec-4353-9826-b7edf2c09133,unrequited.rip,available,23.49,23.49,medium,low,10,namesilo,,,12/09/2026 00:45
1a29c617-d0f9-4c04-a54d-adcc801caf44,backfire.rip,available,24.98,32.98,high,low,8,namecheap,,,21/09/2026 15:28
e5be4b17-4e27-4462-8e05-770f9bbebf5b,performances.rip,available,24.98,32.98,medium,low,12,namecheap,,,29/09/2026 23:43
543b9bcf-72e3-4856-a956-6f26a2523b13,rimy.rip,available,23.49,23.49,medium,low,4,namesilo,,,09/09/2026 17:41
9301b99a-28d6-4b28-80f2-f8e30bc0dd3c,disconnect.rip,available,4.63,19.05,high,low,10,porkbun,,,29/09/2026 15:30
77394a2e-d859-4af1-aa61-14574e5fb9d9,bandbox.rip,available,23.49,23.49,medium,low,7,namesilo,,,22/09/2026 01:01
83b68341-d64b-4f18-9a19-394e6ee8a6ab,usance.rip,available,7.99,29.99,medium,low,6,name.com,,,13/08/2026 12:25
799303e4-f900-49be-ac1a-a58b583e4634,revenant.rip,available,23.49,23.49,high,low,8,namesilo,,,09/09/2026 12:04
4c27060d-435d-4ff8-b8d1-8340ab045f30,poker.rip,resell,,,high,medium,5,Dynadot Inc,16/07/2026 17:00,16/07/2027 17:00,29/09/2026 19:21
34c35994-3eda-4939-8096-73b57ac80356,transplant.rip,available,23.49,23.49,high,low,10,namesilo,,,28/09/2026 02:03
5ca2043a-f38a-41f9-a3b1-2524ef07dde0,diurnal.rip,available,7.99,29.99,medium,low,7,name.com,,,14/08/2026 13:34
43065e37-b870-44a0-8f0d-369fed177aab,males.rip,available,24.98,32.98,medium,low,5,namecheap,,,18/09/2026 00:29
79cf5854-b96c-479f-a230-cfcfaf36edef,rattlesnake.rip,available,4.5,19.48,high,low,11,dynadot,,,30/09/2026 03:33
f01b1aab-c8fe-41a1-ab62-f0b9e0bfbaba,misconception.rip,available,18.83,18.83,medium,low,13,spaceship,,,02/10/2026 11:17
6d5ff363-712e-4398-9e6b-f114c7f24063,runabout.rip,available,4.5,19.48,medium,low,9,dynadot,,,02/10/2026 17:47
2e687d96-0708-4eb9-9851-287075325445,biweekly.rip,available,7.99,29.99,high,low,8,name.com,,,10/08/2026 09:30
59879a7f-0a6e-49e5-8919-1e5581d7fabb,tyke.rip,available,7.99,29.99,medium,low,4,name.com,,,25/08/2026 00:14
5fe816b6-1bb2-403c-9f85-e8e31745a55c,tours.rip,available,23.49,23.49,high,low,5,namesilo,,,30/09/2026 13:22
be8c8a83-3113-4be4-8b08-02cbc2ee8ef8,lizzie.rip,available,18.2,18.2,high,low,6,cloudflare,,,28/09/2026 11:45
f43f4bd9-5ff1-4e98-8632-a1cae063471d,categorial.rip,available,7.99,29.99,medium,low,10,name.com,,,11/08/2026 21:27
b4517554-d28e-4428-b811-ac4acc51b567,wrist.rip,available,24.5,,high,low,5,unstoppable,,,28/09/2026 22:18
6c966f7a-8f65-49a5-9c99-d56e4ec1a03d,quadruple.rip,available,7.99,29.99,high,low,9,name.com,,,18/08/2026 13:24
2df28868-3ffb-46b6-895f-a025352683e9,qualifier.rip,available,23.49,23.49,high,low,9,namesilo,,,30/09/2026 04:52
e077e092-c217-4d55-b851-c71e167c40c5,similitude.rip,available,23.49,23.49,medium,low,10,namesilo,,,18/09/2026 07:51
7acae97a-17ac-45b3-9342-66d804ba64b7,selling.rip,available,24.98,32.98,high,low,7,namecheap,,,25/09/2026 09:15
0145d2e2-4ffb-4249-81b4-d86ecd0c6086,cables.rip,available,23.49,23.49,medium,low,6,namesilo,,,17/09/2026 12:09
d372dd9d-0751-4049-8611-1a776a813b7e,razed.rip,available,7.99,29.99,medium,low,5,name.com,,,14/08/2026 01:24
587d5880-5c24-466b-a3e5-32685d03c100,bister.rip,available,23.49,23.49,medium,low,6,namesilo,,,23/09/2026 22:08
466e55f9-2939-4ad2-88b2-296c41ce22d6,roaring.rip,available,7.99,29.99,high,low,7,name.com,,,10/08/2026 19:21
e7e74fd5-81d1-466c-b6fb-f2e6b3df2c9b,unstated.rip,available,23.49,23.49,medium,low,8,namesilo,,,12/09/2026 09:45
8d4e80ae-2c59-4b17-aed2-f60582eaba2f,barbershop.rip,available,23.49,23.49,high,low,10,namesilo,,,22/09/2026 04:52
d6b58c3e-2772-4461-813e-14cb75c06526,baldr.rip,available,24.98,32.98,medium,low,5,namecheap,,,21/09/2026 21:35
cfcdd21c-8f08-4d59-a05d-cd9864205dea,resort.rip,available,4.63,19.05,high,low,6,porkbun,,,29/09/2026 22:04
9f007214-0285-42ea-9f56-738c73306ff8,pacifist.rip,available,23.49,23.49,high,low,8,namesilo,,,04/09/2026 22:35
f73579b8-9230-43ee-abc7-9e8ad7b7062f,manila.rip,available,24.5,,high,low,6,unstoppable,,,29/09/2026 07:06
357e5072-6a9e-4b81-876e-ab481256a461,judaic.rip,available,7.99,29.99,medium,low,6,name.com,,,22/08/2026 13:17
4898b672-0879-4122-a944-db255d12a9aa,curt.rip,available,7.99,29.99,medium,low,4,name.com,,,11/08/2026 07:05
38d94617-0153-4e22-80d1-4b4d346116b5,coaching.rip,available,24.5,32.98,high,low,8,unstoppable,,,01/10/2026 18:50
46f0890b-d5fa-4c52-95a6-352e730bcce6,critter.rip,available,24.98,32.98,high,low,7,namecheap,,,24/09/2026 19:33
c99c82c6-bc97-48d6-b987-9abbf1f77d47,demonstration.rip,available,23.49,23.49,high,low,13,namesilo,,,03/10/2026 01:27
7eec3f86-8fef-4685-b308-d35a329fea30,ailurus.rip,available,24.98,32.98,medium,low,7,namecheap,,,17/09/2026 21:19
10c9532a-6d25-45f7-a628-72c1dc99d07c,yell.rip,available,4.63,19.05,medium,low,4,porkbun,,,29/09/2026 12:21
157437d8-676e-4633-a72b-158c5a3df379,aotus.rip,available,7.99,29.99,medium,low,5,name.com,,,19/09/2026 16:05
211d2c19-6592-4926-8c58-e415cf18377f,colonization.rip,available,24.5,,medium,low,12,unstoppable,,,02/10/2026 01:18
9b6103b5-8c42-459b-a262-ca2ee6b90c5b,investigate.rip,available,23.49,23.49,high,low,11,namesilo,,,26/09/2026 00:41
df11e44d-0b7e-4097-bf62-386e67018745,alkaline.rip,available,23.49,23.49,high,low,8,namesilo,,,22/09/2026 00:14
ca532ee9-b383-44b1-adcc-08330b7c3422,rent.rip,available,24.98,32.98,high,low,4,namecheap,,,24/09/2026 13:47
f9588d75-4a31-40bc-bbbd-854cdc6244bf,denied.rip,available,23.49,23.49,low,low,6,namesilo,,,27/09/2026 02:21
03469931-1215-496b-b04f-a7adfc8f64e5,brochure.rip,available,23.49,23.49,high,low,8,namesilo,,,24/09/2026 07:07
e5323a3a-4c5e-44f9-87d0-e8dbe2bbe057,rash.rip,available,7.99,29.99,medium,low,4,name.com,,,18/08/2026 10:31
657a6095-f79a-431d-88d9-110ba3b5b98c,dubnium.rip,available,24.98,32.98,medium,low,7,namecheap,,,20/09/2026 22:04
13900f73-a707-426e-905f-ff100f6d3b61,lonesome.rip,available,18.83,18.83,medium,low,8,spaceship,,,28/09/2026 21:14
f7e52b27-d9e4-4e9f-bb9b-4126e9e75c36,dirigible.rip,available,7.99,29.99,medium,low,9,name.com,,,14/08/2026 09:02
13923819-9d72-47ff-a3bf-400b86d49905,primary.rip,available,24.98,32.98,high,low,7,namecheap,,,27/09/2026 05:41
336f29f7-ddc4-4527-bad7-bc49ac565b0c,shrinking.rip,available,24.5,,medium,low,9,unstoppable,,,29/09/2026 13:58
0008d459-19ba-4333-b799-32643beaf164,trailer.rip,available,7.99,29.99,high,low,7,name.com,,,22/08/2026 18:43
8487ab6d-e7cc-498e-8c22-8a5f3243dc3e,composure.rip,available,7.99,29.99,high,low,9,name.com,,,11/08/2026 14:55
272582f8-135e-450e-a9ef-ff3db56e6474,sophie.rip,premium,78,78,high,low,6,namecheap,,,25/09/2026 11:44
b5ba791f-902d-4a7d-bd4a-3c974a10019e,pms.rip,available,18.83,18.83,high,low,3,spaceship,,,02/10/2026 16:24
5d32400a-181a-4708-a013-a1e580ad41c8,multnomah.rip,available,23.49,23.49,high,low,9,namesilo,,,30/09/2026 21:47
a1a4e1c0-ca5e-40b0-b14c-6a91e95b98b4,jinxed.rip,available,7.99,29.99,medium,low,6,name.com,,,21/08/2026 07:53
7433eaae-9046-420d-ab80-b0e3584614b3,arizona.rip,premium,118.8,118.8,high,low,7,namesilo,,,20/09/2026 06:05
5f9f8dab-41f3-45f6-bed5-5728bd5bd72f,admitted.rip,available,18.2,18.2,medium,low,8,cloudflare,,,27/09/2026 22:14
161a5d37-039d-4f1b-b439-8913afb707e8,collide.rip,available,23.49,23.49,high,low,7,namesilo,,,24/09/2026 15:18
b747d41c-d737-42e5-887f-cd9ee39961de,anyplace.rip,available,24.98,32.98,medium,low,8,namecheap,,,13/09/2026 20:15
2961df8e-d424-4e1e-9a9d-35d08295c86c,werewolves.rip,available,23.49,23.49,low,low,10,namesilo,,,19/09/2026 01:01
a37cf571-d655-4b15-9039-4d0e35212743,wulfila.rip,available,24.98,32.98,medium,low,7,namecheap,,,23/09/2026 21:57
21f0f3c8-882a-4694-9e11-b17730359631,mughal.rip,available,24.5,,high,low,6,unstoppable,,,28/09/2026 21:33
da4efa3a-db22-4a68-828e-f47b8fc5c2ed,quaintly.rip,available,23.49,23.49,medium,low,8,namesilo,,,15/09/2026 22:07
da290976-5dc5-4cd0-befa-c420b1645fda,cents.rip,available,24.98,32.98,medium,low,5,namecheap,,,18/09/2026 18:36
a37d112e-af73-44f0-a260-d19ed711509b,cab.rip,available,24.98,32.98,high,low,3,namecheap,,,24/09/2026 11:33
cca74c83-ea34-4246-9cb9-bad3c6ae07c9,kun.rip,available,24.5,,high,low,3,unstoppable,,,30/09/2026 13:03
a1eaf9c5-2631-47e1-9684-5418d6c037aa,andover.rip,available,23.49,23.49,medium,low,7,namesilo,,,27/09/2026 18:38
9a0811e4-2047-477a-a464-5943a3547214,quadruped.rip,available,7.99,29.99,medium,low,9,name.com,,,18/08/2026 13:30
23c0bfc6-05e2-4c17-8e01-6e1e1564af2a,troika.rip,available,7.99,29.99,high,low,6,name.com,,,
a3dbc81d-2948-49d7-af2b-664e4f2b20b3,marat.rip,available,23.49,23.49,high,low,5,namesilo,,,02/10/2026 05:28
77abcad8-32f4-406b-a630-f2d287564a8d,manifested.rip,available,23.49,23.49,medium,low,10,namesilo,,,30/09/2026 06:51
af991291-fea8-4de1-b8f1-aaf3fec5b1a1,totality.rip,available,7.99,29.99,high,low,8,name.com,,,
2bf4e383-c6c5-4776-8009-e7dff041ed82,enid.rip,available,18.2,18.2,medium,low,4,cloudflare,,,28/09/2026 19:04
adb49cdf-2604-4fe4-b365-4618bc4dcd3f,squabble.rip,available,24.98,32.98,medium,low,8,namecheap,,,23/09/2026 13:15
1707a394-3343-4e48-8721-e92e4cb98d4a,battered.rip,available,24.98,32.98,medium,low,8,namecheap,,,22/09/2026 18:12
ec69de5f-8c1d-4320-81a3-b976fb6a9069,tactic.rip,available,18.83,18.83,high,low,6,spaceship,,,29/09/2026 07:31
315884d8-6ac7-4f3e-a05f-f814d67ab162,brag.rip,available,23.49,23.49,high,low,4,namesilo,,,23/09/2026 00:49
fc0bda95-c4b3-4aaa-a585-2b8aecf993b0,ambassadors.rip,available,18.83,18.83,medium,low,11,spaceship,,,30/09/2026 15:27
53af83a4-da0b-4887-a36d-e665f89632ac,scour.rip,available,23.49,23.49,high,low,5,namesilo,,,10/09/2026 00:23
75e8937f-aad9-4924-bb0e-91ef1b419152,steelyard.rip,available,24.98,32.98,medium,low,9,namecheap,,,22/09/2026 19:57
a8e1ed07-ba6c-490e-a555-ba225c3fc439,reopen.rip,available,18.2,18.2,high,low,6,cloudflare,,,30/09/2026 03:14
d50fe09d-cb00-4e84-a3f2-b6f00019b602,panther.rip,available,18.83,18.83,high,low,7,spaceship,,,29/09/2026 11:45
2e50f22d-3e4c-4b72-be70-f2dcbbdf41be,ardeidae.rip,available,23.49,23.49,medium,low,8,namesilo,,,20/09/2026 03:06
63f14509-8113-41e0-a6f7-369dd66f791b,chekov.rip,available,23.49,23.49,medium,low,6,namesilo,,,19/09/2026 15:28
1b6d43d3-7b04-4889-98d5-c1a656070908,precision.rip,available,23.49,23.49,high,low,9,namesilo,,,28/09/2026 15:06
63467601-2ff1-41b6-9130-35eb7d080883,drunken.rip,available,7.99,29.99,medium,low,7,name.com,,,09/08/2026 19:02
312405f9-5777-4042-a66f-5031cf2eb7e1,variously.rip,available,23.49,23.49,medium,low,9,namesilo,,,14/09/2026 13:23
cb0b77ef-5722-45d1-afec-b9886386d2eb,outlined.rip,available,24.98,32.98,high,low,8,namecheap,,,04/09/2026 19:31
532583ba-f310-449f-8506-887fbdbab803,fim.rip,available,18.83,18.83,medium,low,3,spaceship,,,29/09/2026 21:32
6ffec968-b63b-451e-9b45-bb8eaf974d83,farr.rip,available,18.83,18.83,medium,low,4,spaceship,,,28/09/2026 22:15
0e4bfa04-eb9a-4be3-ba50-6a0cda6c4ef9,isothermic.rip,available,7.99,29.99,medium,low,10,name.com,,,22/08/2026 11:24
ec7228ca-2874-4429-a82c-cc71c682f79f,dif.rip,available,18.2,18.2,high,low,3,cloudflare,,,02/10/2026 18:49
f55c3780-4cc8-4805-b082-cab71e441c03,tully.rip,available,24.98,32.98,medium,low,5,namecheap,,,28/09/2026 19:49
582a196f-c801-49a6-b4bf-ec93e478b8fa,isaacs.rip,available,24.5,,high,low,6,unstoppable,,,29/09/2026 10:02
933330e7-d527-4a7f-aff9-ad9a350a0707,earthquake.rip,available,23.49,23.49,high,low,10,namesilo,,,27/09/2026 13:14
61bbd34e-d242-4705-be4b-1f37c5753e79,amenity.rip,available,24.98,32.98,high,low,7,namecheap,,,17/09/2026 19:17
2b1d6cd6-d528-43e6-a416-8876afce37aa,boasting.rip,available,23.49,23.49,medium,low,8,namesilo,,,02/10/2026 04:07
6ee870c0-ffb7-4ced-b280-7395fd7931a8,asking.rip,available,24.5,,high,low,6,unstoppable,,,28/09/2026 22:40
4c5f8931-fef6-4dd8-86f3-63d2cc7a3c17,ordnance.rip,available,23.49,23.49,high,low,8,namesilo,,,20/09/2026 11:44
0fc8b697-d72e-406d-93ca-e99ab6254480,nihon.rip,available,18.83,18.83,high,low,5,spaceship,,,29/09/2026 13:34
cd6bf6fa-2bd2-4e6a-878f-2d86db212570,acceleration.rip,available,24.5,,high,low,12,unstoppable,,,30/09/2026 05:46
00dd710d-ec3f-48a8-b821-b1436cd067d6,saws.rip,available,23.49,23.49,medium,low,4,namesilo,,,20/09/2026 09:02
e9d05412-b42a-4d5b-8b98-734366ed7bd5,bey.rip,available,24.98,32.98,medium,low,3,namecheap,,,23/09/2026 12:10
6892d46d-9f12-4d3b-86c9-e9e035f53a6b,cabinets.rip,available,24.5,,medium,low,8,unstoppable,,,30/09/2026 15:51
1a73f015-f7bd-4ae0-a0c4-5df31fbf634c,viciously.rip,available,7.99,29.99,medium,low,9,name.com,,,14/09/2026 01:35
f439ec64-e97e-49c0-b9c7-be79cbb51501,loopy.rip,available,7.99,29.99,medium,low,5,name.com,,,06/08/2026 21:22
1309bf0c-b203-4bbe-aefb-475014b80bb0,aerodynamic.rip,available,23.49,23.49,high,low,11,namesilo,,,02/10/2026 07:09
9ceeba4e-f2d4-4045-8538-3e64832db6ef,martine.rip,available,4.5,19.48,high,low,7,dynadot,,,02/10/2026 00:09
d2249bfb-7d8f-46ec-9862-20a61c2fd7ed,tidy.rip,available,7.99,29.99,high,low,4,name.com,,,20/08/2026 16:42
ddc0a0c9-b9e9-4ade-9d1c-5f093478d16a,chorale.rip,available,7.99,29.99,high,low,7,name.com,,,12/08/2026 07:04
85213209-cd19-4d99-a084-934cff2c198e,parkersburg.rip,available,24.5,,medium,low,11,unstoppable,,,02/10/2026 00:08
93aad265-3501-4913-a444-e2aa2ff3d9dc,restart.rip,available,18.83,18.83,high,low,7,spaceship,,,30/09/2026 02:42
1bdf37a8-0798-4d6f-946a-f11849497a8a,injurious.rip,available,7.99,29.99,medium,low,9,name.com,,,14/08/2026 00:30
f674d02c-b0ee-4ef0-801a-4487041fc064,groupe.rip,available,18.83,18.83,high,low,6,spaceship,,,30/09/2026 12:13
1f6c415e-9ad9-4901-bf2d-f2a124613c57,generalist.rip,available,18.2,18.2,high,low,10,cloudflare,,,02/10/2026 15:27
bba73695-6c74-43a2-b44e-b6aacde2b8ec,whether.rip,available,23.49,23.49,high,low,7,namesilo,,,30/09/2026 22:27
11439fc9-2ae7-4c17-ad9e-9f8e119f7af2,recommendation.rip,available,7.99,,high,low,14,name.com,,,
69c682ee-57b9-42cf-9b2e-07f27350384a,commentator.rip,available,18.2,18.2,high,low,11,cloudflare,,,29/09/2026 08:48
0d102f67-d02f-4402-9a29-b65c87efe23c,uniting.rip,available,23.49,23.49,high,low,7,namesilo,,,18/09/2026 15:39
16add385-01fa-4ff7-a50c-4b1fefdf9278,contingency.rip,available,24.5,,high,low,11,unstoppable,,,29/09/2026 22:54
847bc12f-5d6b-43a2-9920-6b046a7b0e06,hammered.rip,available,7.99,29.99,medium,low,8,name.com,,,20/08/2026 22:59
80055caa-b0ff-46e1-a61f-4b574799b817,vintage.rip,available,23.49,23.49,high,low,7,namesilo,,,28/09/2026 20:39
00e859dd-365d-49fb-9f71-1b5f164839a8,apertures.rip,available,24.98,32.98,medium,low,9,namecheap,,,30/09/2026 07:45
4785f415-58a3-4a81-9d59-28bf712793bf,claire.rip,available,23.49,23.49,high,low,6,namesilo,,,01/10/2026 01:01
7c405853-d965-4177-b924-edcbfe3deb5e,screeching.rip,available,23.49,23.49,medium,low,10,namesilo,,,09/09/2026 23:59
9cfb30da-dcff-4395-bbb3-2dc1ed596987,piper.rip,available,24.5,,high,low,5,unstoppable,,,29/09/2026 00:31
c793290c-5752-463b-8592-dd31dab92eaa,formed.rip,available,7.99,29.99,high,low,6,name.com,,,18/08/2026 12:09
6c756ab2-f49e-40fd-9aca-867f883c84ec,visitor.rip,available,18.83,18.83,high,low,7,spaceship,,,30/09/2026 14:31
56122930-c081-4243-8110-4fe703fc9921,follows.rip,available,23.49,23.49,high,low,7,namesilo,,,27/09/2026 18:23
2a2de30d-167f-40e7-8c83-5366d56ce8cb,hayden.rip,available,23.49,23.49,high,low,6,namesilo,,,25/09/2026 15:33
3475ff63-603a-470e-a859-75254ab72a25,trained.rip,available,4.5,19.48,high,low,7,dynadot,,,28/09/2026 09:30
13029f17-d89d-4ed8-b1ae-185b840de1fd,tillable.rip,available,7.99,29.99,medium,low,8,name.com,,,06/08/2026 11:25
b9519bc9-73b1-4888-a144-ca8c80e67edd,ohmic.rip,available,23.49,23.49,medium,low,5,namesilo,,,04/09/2026 01:46
0e8d7ade-2aa8-433f-a0a3-3c2e3594357b,abruzzi.rip,available,23.49,23.49,medium,low,7,namesilo,,,16/09/2026 17:28
b62c8fb8-8af5-4deb-9a8e-840d9b18fa5a,volcanic.rip,available,23.49,23.49,high,low,8,namesilo,,,13/09/2026 06:48
08c877b2-9b4c-45ed-9939-230be0b59fb6,enduring.rip,available,7.99,29.99,high,low,8,name.com,,,
a5d06410-6b7e-4bcf-8171-38de0067bdc2,roughly.rip,available,24.98,32.98,high,low,7,namecheap,,,21/09/2026 14:14
c062503a-c61d-4f5d-a664-23de25f34c4f,distressed.rip,available,7.99,29.99,medium,low,10,name.com,,,14/08/2026 12:16
59acc7fe-ff50-495c-a2c6-e28ae4de616d,inch.rip,available,24.98,32.98,high,low,4,namecheap,,,25/09/2026 08:00
8febf284-954a-4bab-b4f4-bcaee3b1d94f,his.rip,available,18.83,18.83,high,low,3,spaceship,,,01/10/2026 11:33
c420609b-ba04-463a-858d-6ca013da585d,holland.rip,available,23.49,23.49,high,low,7,namesilo,,,28/09/2026 02:07
4a505dc8-9105-42a6-946a-7c67ab1a266b,yob.rip,available,7.99,29.99,medium,low,3,name.com,,,11/08/2026 08:46
bd211965-6216-4491-bc7f-aa08a5b4acfe,tice.rip,available,18.83,18.83,medium,low,4,spaceship,,,02/10/2026 18:37
4d2c80a8-9939-4881-a84a-c3e91ee78666,ananas.rip,available,23.49,23.49,high,low,6,namesilo,,,19/09/2026 02:03
67fc6394-978c-4953-ac36-8e27cf79570c,isoclinic.rip,available,7.99,29.99,medium,low,9,name.com,,,22/08/2026 11:02
e508817f-c938-4f92-a2a8-72190e942a83,nugatory.rip,available,23.49,23.49,low,low,8,namesilo,,,03/09/2026 22:26
4cab073e-3f3c-417b-88a4-a703eab9b7ac,twinkle.rip,available,7.99,29.99,high,low,7,name.com,,,18/08/2026 06:46
04da90ec-e565-4fd5-acd0-ec944cd70cdf,typic.rip,available,23.49,23.49,medium,low,5,namesilo,,,11/09/2026 22:29
6976a507-03c4-4d65-ac04-7d1f9d2812de,valeria.rip,available,24.5,,high,low,7,unstoppable,,,02/10/2026 09:11
5da01312-77c1-4f4e-9785-ee6f93a42f5f,weirdness.rip,available,24.98,32.98,medium,low,9,namecheap,,,23/09/2026 23:18
4b82ace3-527c-4e43-8912-c1e8141c59be,soursop.rip,available,24.98,32.98,high,low,7,namecheap,,,19/09/2026 10:36
430a0518-2c73-4177-bc03-4d71c499f922,bled.rip,available,18.83,18.83,high,low,4,spaceship,,,30/09/2026 03:16
36c86965-d823-4efa-8f2f-67b9b748ee73,hairdresser.rip,available,23.49,23.49,high,low,11,namesilo,,,01/10/2026 22:32
83700782-c982-4653-a862-9cb03ac2e446,racehorse.rip,available,23.49,23.49,high,low,9,namesilo,,,22/09/2026 01:58
3105c160-c525-46ac-abbe-1c87fcab1d2c,strict.rip,available,7.99,29.99,medium,low,6,name.com,,,21/08/2026 00:17
971891cb-54af-4bd5-a976-fc49ff8faba0,hersey.rip,available,18.2,18.2,medium,low,6,cloudflare,,,03/10/2026 05:47
11e0e96b-e0e0-41a3-b1d5-dff9fe8d31fa,anticipated.rip,available,7.99,29.99,high,low,11,name.com,,,08/09/2026 14:34
5d6aa2b2-7139-4d8f-a5a2-2a59aa948799,vestiary.rip,available,23.49,23.49,medium,low,8,namesilo,,,13/09/2026 04:51
0aa26b35-ace7-451d-a491-b10282ecf2df,voiceless.rip,available,7.99,29.99,medium,low,9,name.com,,,05/08/2026 23:23
eaa3aedc-194e-4118-b9df-d52beea61016,benzol.rip,available,23.49,23.49,high,low,6,namesilo,,,23/09/2026 08:53
0c36e004-8eb2-4ff5-9417-a6cee8a9ceaf,steamy.rip,available,7.99,29.99,medium,low,6,name.com,,,21/08/2026 14:12
d07c4b45-1a7f-4be8-8c46-1818f58e72c3,respectable.rip,available,18.2,18.2,high,low,11,cloudflare,,,28/09/2026 11:23
0760ab8a-100c-4969-b586-c4ac0a10a978,arrogance.rip,available,23.49,23.49,high,low,9,namesilo,,,20/09/2026 09:19
e271c988-c589-46f7-8e2c-9137e46e215e,roos.rip,available,4.5,19.48,high,low,4,dynadot,,,29/09/2026 21:40
297b5326-360b-412f-adc3-0fb604de5ea2,unorthodox.rip,available,7.99,29.99,high,low,10,name.com,,,24/08/2026 17:44
25403cff-5806-4189-95f4-b1580bd72185,raquel.rip,available,4.63,19.05,high,low,6,porkbun,,,02/10/2026 08:53
3d8d32d1-9bc8-4573-88fb-a558b95e21fb,scarface.rip,available,24.98,32.98,medium,low,8,namecheap,,,28/09/2026 19:51
22ee1948-468a-4d14-a2df-c2477aef30b3,marti.rip,available,23.49,23.49,high,low,5,namesilo,,,30/09/2026 10:19
5e6f1e20-4998-4a0f-9fce-e251bad7a9e6,polytonal.rip,available,23.49,23.49,medium,low,9,namesilo,,,08/09/2026 23:33
87ddfb5d-4b52-4f41-a0f3-4f961cb08422,archly.rip,available,7.99,29.99,medium,low,6,name.com,,,13/09/2026 20:39
9d3667a0-b0f7-4178-b4f2-c98b07d5e7a6,colloidal.rip,available,7.99,29.99,medium,low,9,name.com,,,12/08/2026 17:12
53301615-9192-4094-9e94-d31aa9b53aae,amid.rip,available,18.2,18.2,high,low,4,cloudflare,,,30/09/2026 11:35
28fde816-658a-48cd-81d5-24a978c9d523,inland.rip,available,7.99,29.99,high,low,6,name.com,,,22/08/2026 05:49
9bceed7f-9862-47fe-a062-862a816470cf,empiric.rip,available,7.99,29.99,medium,low,7,name.com,,,16/08/2026 18:19
03de6243-ba92-45ea-b8c4-302eb7e3ab6e,revolt.rip,available,18.83,18.83,high,low,6,spaceship,,,29/09/2026 15:48
b66e2a39-7739-4f89-9709-63595bf98e3a,gory.rip,available,7.99,29.99,medium,low,4,name.com,,,10/08/2026 15:23
156ff3ae-0b05-43e9-9066-e941d8b82d63,lisa.rip,available,23.49,23.49,high,low,4,namesilo,,,25/09/2026 12:07
7baa91a6-5f12-40cc-9086-b6f2ad8091be,grapefruit.rip,available,24.98,32.98,high,low,10,namecheap,,,24/09/2026 15:09
92cd9c72-9efd-4102-a4b8-0309a66f0928,aldrich.rip,available,23.49,23.49,medium,low,7,namesilo,,,28/09/2026 04:14
7f1b46da-e17b-41de-b900-266c39080cf7,milanese.rip,available,7.99,29.99,medium,low,8,name.com,,,24/08/2026 22:53
51ae4405-bd5a-4920-92c0-350e05f2dc38,psychosis.rip,available,18.2,18.2,high,low,9,cloudflare,,,30/09/2026 10:54
f4754469-119e-4d9a-ab2c-8f339a8e3488,scandal.rip,available,18.83,18.83,high,low,7,spaceship,,,30/09/2026 03:45
a58bdbc3-18c1-419a-aa37-d0dcf5d47fdc,abyssinia.rip,available,24.98,32.98,high,low,9,namecheap,,,16/09/2026 19:52
6c790992-7859-4dbf-87fa-31f3fe286163,penniless.rip,available,7.99,29.99,medium,low,9,name.com,,,21/08/2026 00:34
b95e2f98-812b-4d47-9d06-70c13c509cc1,blissful.rip,available,7.99,29.99,high,low,8,name.com,,,10/08/2026 14:33
328ef5fa-1835-4557-8a13-83e79111e3ee,bricks.rip,available,7.99,,medium,low,6,name.com,,,
1a6e9c59-915a-45e4-a290-89d3730d9a26,mete.rip,available,7.99,29.99,high,low,4,name.com,,,10/08/2026 19:54
d13bf671-570d-4099-adac-3f155cc716eb,shotgun.rip,available,23.49,23.49,high,low,7,namesilo,,,26/09/2026 00:14
2afccbf9-5ab5-4776-8b99-435f07c7a3e1,disagreeable.rip,available,23.49,23.49,medium,low,12,namesilo,,,03/10/2026 02:55
3072936d-c255-4f4f-a08a-67253ee4d2c9,realism.rip,available,23.49,23.49,high,low,7,namesilo,,,29/09/2026 13:31
68febe74-c070-419e-9a2f-5da568ec8528,contracted.rip,available,23.49,23.49,medium,low,10,namesilo,,,23/09/2026 22:26
dc39870c-077e-4dc9-a6b1-ed48f4d101fb,underneath.rip,available,24.98,32.98,high,low,10,namecheap,,,16/09/2026 09:57
53e2a276-202b-4cb1-bac7-93d346cb0362,offered.rip,available,18.83,18.83,medium,low,7,spaceship,,,02/10/2026 19:28
64be9d93-83d6-4bfd-b8f1-e2432b07cc46,ferris.rip,available,18.83,18.83,medium,low,6,spaceship,,,28/09/2026 22:04
46f099e5-efef-41b1-8ae4-d6f6b10a9543,emptiness.rip,available,24.5,,medium,low,9,unstoppable,,,29/09/2026 18:45
a14f23a7-52b7-476e-80a6-bdfca38fed1b,hardbound.rip,available,7.99,29.99,medium,low,9,name.com,,,21/08/2026 00:42
c1dcafe0-fd07-43b9-ac23-1b7f3ded9cb3,teatime.rip,available,23.49,23.49,high,low,7,namesilo,,,17/09/2026 15:45
587e223c-6430-42cd-aa99-606618de15f2,explicit.rip,available,7.99,29.99,high,low,8,name.com,,,17/08/2026 18:24
d1e5b6a5-a91e-4936-ba85-73d1e2c7d5b4,hindrance.rip,available,7.99,29.99,medium,low,9,name.com,,,14/08/2026 04:50
222a0f95-8d35-42a8-9c9f-83a54ed0119d,tissue.rip,available,23.49,23.49,high,low,6,namesilo,,,27/09/2026 05:43
9ba3c1c2-fd63-4e7a-b947-ef8093a64d89,amit.rip,available,24.98,32.98,high,low,4,namecheap,,,02/10/2026 19:09
64ad5a9d-58c7-4648-9b20-53e49ebff464,poultry.rip,available,23.49,23.49,high,low,7,namesilo,,,24/09/2026 23:24
a1a5047c-0b9e-4cec-b8b7-eb174995ce55,monthly.rip,available,24.98,32.98,high,low,7,namecheap,,,25/09/2026 21:36
64ff35b3-4c6b-47c8-a7fa-925ad1a486e1,mabel.rip,available,23.49,23.49,high,low,5,namesilo,,,25/09/2026 13:35
af376bb7-49a0-410b-ae7c-53a109f3a8f0,pathologic.rip,available,7.99,29.99,medium,low,10,name.com,,,14/08/2026 10:11
54124c39-e097-49b3-97f3-19efb3b6693b,fogbound.rip,available,7.99,29.99,medium,low,8,name.com,,,18/08/2026 09:49
ee24c1fc-da0b-4536-8062-453a9448d871,kaye.rip,available,18.2,18.2,high,low,4,cloudflare,,,28/09/2026 04:47
7d1323e0-e08a-44ad-a0df-c112e78b5c59,considering.rip,available,23.49,23.49,medium,low,11,namesilo,,,26/09/2026 03:06
f6a828cb-8029-44b6-bb6b-c12b1e9f9924,alnico.rip,available,23.49,23.49,medium,low,6,namesilo,,,18/09/2026 12:50
455ccb40-0f99-41b9-83a2-c61ba3feff92,hendry.rip,available,18.83,18.83,medium,low,6,spaceship,,,30/09/2026 21:36
1fcb530c-f343-46e0-8b09-560cad26c45d,taoist.rip,available,7.99,29.99,high,low,6,name.com,,,11/09/2026 08:11
4446f3ae-e05b-4c83-a52c-fb644c3fd685,body.rip,resell,,,high,low,4,"NameSilo, LLC",03/07/2020 10:29,03/07/2027 10:29,26/09/2026 04:31
7c668416-e0bc-4c00-b599-e7fc4f404041,backpacker.rip,available,24.98,32.98,high,low,10,namecheap,,,21/09/2026 15:44
1f6c7664-2263-412b-9eb7-b1458ebf7112,washup.rip,available,23.49,23.49,medium,low,6,namesilo,,,24/09/2026 22:42
df189cc8-8f04-496e-b011-d2d4a183eeca,clathrate.rip,available,7.99,29.99,medium,low,9,name.com,,,11/08/2026 16:23
1649d7da-931e-46cc-9f8f-070588e6c8a3,aleve.rip,available,23.49,23.49,medium,low,5,namesilo,,,17/09/2026 15:07
80143bce-1710-4cde-a098-eeb1c12d9176,elmore.rip,available,23.49,23.49,medium,low,6,namesilo,,,29/09/2026 10:03
86981863-6d35-443f-9198-3b9737338cc8,receptions.rip,available,23.49,23.49,medium,low,10,namesilo,,,20/09/2026 06:10
66da48be-e74a-4110-b868-deef80850544,urbanized.rip,available,23.49,23.49,medium,low,9,namesilo,,,12/09/2026 23:29
110fff33-9fc2-42c1-8a49-d13fbc57c785,adventist.rip,available,23.49,23.49,high,low,9,namesilo,,,17/09/2026 10:33
50176d2e-9845-471b-bcbe-93db27e3a429,shrink.rip,available,39.99,39.99,high,low,6,godaddy,,,28/09/2026 01:56
d0b707c8-b689-43dd-9e8a-853efecaca58,diabetic.rip,available,7.99,29.99,high,low,8,name.com,,,14/08/2026 05:36
70df881c-8564-40e6-9327-e2251c36010f,exigent.rip,available,7.99,29.99,medium,low,7,name.com,,,13/08/2026 09:31
17822ed9-b93b-46c8-b862-c84d36b82b9c,mosby.rip,available,4.63,19.05,medium,low,5,porkbun,,,30/09/2026 05:30
9d073551-d5f6-48e8-9a7b-27338965b6b5,slipping.rip,available,23.49,23.49,medium,low,8,namesilo,,,10/09/2026 11:05
527619ed-8e44-440b-96c4-d254e3aeeb57,orgasm.rip,available,18.83,18.83,high,low,6,spaceship,,,29/09/2026 13:36
6e159829-c2b4-4b47-a406-eb62e67dd81b,unchanging.rip,available,23.49,23.49,medium,low,10,namesilo,,,12/09/2026 05:04
b45ede93-ebc0-4357-8bbc-b443018583d9,lumpen.rip,available,7.99,29.99,medium,low,6,name.com,,,24/08/2026 11:14
d4eda451-d9f2-420d-b888-7f15c200d1d9,gag.rip,available,24.98,32.98,high,low,3,namecheap,,,29/09/2026 20:25
03eec47f-d953-4e63-b727-23841d177214,improper.rip,available,7.99,29.99,medium,low,8,name.com,,,21/08/2026 23:12
df3262f9-e745-4187-a511-1f8a7d65d890,speeches.rip,available,18.83,18.83,low,low,8,spaceship,,,28/09/2026 08:40
27e32d75-f411-4da2-a714-020a30f0a127,reveals.rip,available,24.98,32.98,medium,low,7,namecheap,,,20/09/2026 06:30
c9b7ee36-6748-42ac-9ae0-9e14cbff612d,turncoat.rip,available,7.99,29.99,medium,low,8,name.com,,,06/08/2026 03:49
968a5687-ea32-4279-ac26-40042b7ecffe,kcal.rip,available,18.83,18.83,high,low,4,spaceship,,,30/09/2026 12:30
0e9a07ea-8dae-462d-b0cd-f5856b32f6f9,gilt.rip,available,7.99,29.99,high,low,4,name.com,,,18/08/2026 23:34
62996120-8b20-49d2-9abc-ce9ca35fb162,centers.rip,available,18.83,18.83,medium,low,7,spaceship,,,29/09/2026 05:16
6d0a4bc9-c4a7-42e0-bb22-b45735f997c9,namur.rip,available,18.83,18.83,medium,low,5,spaceship,,,30/09/2026 18:07
24c19822-ffd5-4945-bee6-fee5eaff5953,speakers.rip,available,23.49,23.49,high,low,8,namesilo,,,18/09/2026 11:01
cc43ee27-f594-4f10-931a-f0b86411d25e,amusingly.rip,available,23.49,23.49,medium,low,9,namesilo,,,13/09/2026 19:40
63b74ec8-3c96-4a7d-9aec-0f0440667a27,wipes.rip,available,23.49,23.49,medium,low,5,namesilo,,,20/09/2026 09:39
c1e11079-0174-4ff8-9e1b-82bb70cfc076,bisexual.rip,available,7.99,29.99,high,low,8,name.com,,,10/08/2026 06:14
554f0b33-61b2-475a-a837-40673f4451dc,excursion.rip,available,18.83,18.83,high,low,9,spaceship,,,29/09/2026 18:22
2d03c07b-8a61-4372-bff5-ce0e540784af,junky.rip,available,23.49,23.49,medium,low,5,namesilo,,,17/09/2026 06:52
62a1e3a4-f92b-4555-bb3e-99e3f9eaafd1,flutter.rip,available,7.99,29.99,high,low,7,name.com,,,18/08/2026 07:48
9ef14302-bf35-4f5e-b661-0251cb29c40a,finnish.rip,available,7.99,29.99,high,low,7,name.com,,,18/08/2026 05:03
7a6dd998-4e24-4a9a-b979-b1f2e13eb630,sixties.rip,available,23.49,23.49,high,low,7,namesilo,,,16/09/2026 12:11
104a95a2-f12a-448c-9aea-e2fad1579634,intent.rip,available,7.99,29.99,high,low,6,name.com,,,
6f33beff-9f0d-40b1-94d0-40aa71e609ef,summons.rip,available,4.5,19.48,high,low,7,dynadot,,,29/09/2026 08:10
5ee46b7b-5ccb-49e6-90f0-275a2969a5e7,hadean.rip,available,7.99,29.99,medium,low,6,name.com,,,20/08/2026 21:32
21b32813-918a-490d-9ca1-fa350438d381,overripe.rip,available,23.49,23.49,medium,low,8,namesilo,,,04/09/2026 21:44
d01b280f-bef4-47ec-ae93-de56c9306cd6,chechnya.rip,available,4.63,19.05,medium,low,8,porkbun,,,29/09/2026 18:18
a2476226-bbc2-481e-9d10-12dafde5b2bb,consuming.rip,available,24.98,32.98,high,low,9,namecheap,,,23/09/2026 21:22
b4a0c1d3-0aa3-45ae-bc9b-a36ad1cbb9bd,windswept.rip,available,23.49,23.49,medium,low,9,namesilo,,,13/09/2026 12:16
d8f973cc-8ba6-470a-979b-2a345cfc9906,jaw.rip,available,24.98,32.98,high,low,3,namecheap,,,27/09/2026 03:31
20f7900c-4a07-4a14-83d8-4badc54df455,wasnt.rip,available,24.5,,medium,low,5,unstoppable,,,02/10/2026 04:19
eb38ea50-c870-481b-a8fd-152795e71730,manslaughter.rip,available,23.49,23.49,medium,low,12,namesilo,,,28/09/2026 22:46
241a1e1a-0a45-48b1-9442-148881260855,coupled.rip,available,7.99,29.99,high,low,7,name.com,,,12/08/2026 22:15
1981811b-f09c-47fc-a269-aa687f65efe3,potassium.rip,available,23.49,23.49,high,low,9,namesilo,,,20/09/2026 22:30
3a3cc8c9-cbf5-4f21-9f7c-97c7554cdc14,birth.rip,available,23.49,23.49,high,low,5,namesilo,,,29/09/2026 02:50
81cf6642-9fcf-4c96-90af-1bc4813b4e2b,amara.rip,available,23.49,23.49,high,low,5,namesilo,,,03/10/2026 04:52
75c87253-4606-463d-8ca4-a3f8b38b4441,baal.rip,available,23.49,23.49,high,low,4,namesilo,,,21/09/2026 12:05
758dd7fa-ce03-4770-a9f1-ffb0df603fe0,breakers.rip,available,18.83,18.83,medium,low,8,spaceship,,,30/09/2026 00:52
efeef740-ffc4-4f2c-afe2-edc89485e360,cruel.rip,available,23.49,23.49,high,low,5,namesilo,,,22/09/2026 17:21
ac0fd1a6-0e73-4a66-9ede-a5eedb75c6aa,illusional.rip,available,7.99,29.99,medium,low,10,name.com,,,21/08/2026 20:11
022c74e6-a24a-491c-8f5d-a1840b83ce3f,ctv.rip,available,18.83,18.83,high,low,3,spaceship,,,01/10/2026 22:19
730198af-3757-4bac-901f-8932cc9adde7,easygoing.rip,available,7.99,29.99,high,low,9,name.com,,,13/08/2026 12:00
0d1d463c-2d94-40f5-952b-0a43728c84bc,hobart.rip,available,23.49,23.49,high,low,6,namesilo,,,25/09/2026 07:24
63e2fbbf-e523-46aa-a5ab-f39cdb79fea1,uncool.rip,available,23.49,23.49,medium,low,6,namesilo,,,12/09/2026 06:11
044cc3a9-f4c8-4973-b3e7-b03f78fe14dc,gibber.rip,available,23.49,23.49,medium,low,6,namesilo,,,23/09/2026 23:36
ac13af83-1f7b-469e-b23f-bdcf1d038e65,shutting.rip,available,7.99,29.99,medium,low,8,name.com,,,12/08/2026 12:22
83ae37bf-59a4-49bc-aab3-54aebc23375f,grandchild.rip,available,24.5,,high,low,10,unstoppable,,,29/09/2026 21:23
2258c63b-2fdc-4f0f-b36c-cd7a8e681869,broke.rip,available,23.49,23.49,high,low,5,namesilo,,,23/09/2026 09:49
9c6ea602-9e24-4522-8798-732cbecf8d89,arnica.rip,available,23.49,23.49,high,low,6,namesilo,,,20/09/2026 08:11
98f8694a-0b16-49d8-9fc1-c892ae06808c,nuprin.rip,available,24.98,32.98,medium,low,6,namecheap,,,17/09/2026 11:20
9b4d6fda-bc50-4fd0-afc4-94f3d89b9b5c,platt.rip,available,23.49,23.49,medium,low,5,namesilo,,,27/09/2026 06:33
a3bb0164-8ce4-43f8-88b9-c14177093e99,therapeutic.rip,available,4.5,19.48,high,low,11,dynadot,,,29/09/2026 14:26
b60bbe65-5fd5-4d4b-acad-49b695d0e3d6,flags.rip,available,24.5,,high,low,5,unstoppable,,,02/10/2026 07:17
928b801f-c579-42f5-a906-29462d261a42,mesoamerica.rip,available,18.2,18.2,medium,low,11,cloudflare,,,01/10/2026 08:35
5faa3a2b-e8bf-48a6-9bd7-fbc75517aaf4,carle.rip,available,24.5,,medium,low,5,unstoppable,,,03/10/2026 03:51
cf41cde6-e5ca-45a7-92c7-27fd58fc6179,published.rip,available,23.49,23.49,high,low,9,namesilo,,,27/09/2026 07:35
a883347d-ac11-4b3b-84ad-fabf7c4b7419,brinjal.rip,available,7.99,29.99,high,low,7,name.com,,,21/09/2026 02:34
4bf1e1a7-84b1-4a8b-8b52-e4f0e158c8e1,screwdrivers.rip,available,23.49,23.49,medium,low,12,namesilo,,,20/09/2026 04:52
d9ab56c5-ab2a-4b88-9da0-d43982f69624,sociedad.rip,available,4.63,19.05,medium,low,8,porkbun,,,29/09/2026 10:09
af9046e1-525a-431e-87bd-324602a1a804,hee.rip,available,4.63,19.05,high,low,3,porkbun,,,29/09/2026 21:26
35306585-a231-4171-a7b7-294a4f32f9f7,soprano.rip,available,23.49,23.49,high,low,7,namesilo,,,10/09/2026 14:24
6f04e2a2-14d9-4f16-ad0e-d116f43a6aea,exert.rip,available,18.2,18.2,high,low,5,cloudflare,,,02/10/2026 15:03
98cec0b1-d78b-490e-a96b-ab1e6998dc8e,collins.rip,available,23.49,23.49,high,low,7,namesilo,,,24/09/2026 16:19
27cf1786-eadc-4090-bbdc-5dba5591bdad,patience.rip,available,24.98,32.98,high,low,8,namecheap,,,25/09/2026 06:07
3f6be253-a213-4b67-a8d9-4f1eb0787d77,dominate.rip,available,23.49,23.49,high,low,8,namesilo,,,16/09/2026 01:33
e8be343f-43e6-45d2-83c7-3f360a84bb74,depths.rip,available,18.83,18.83,medium,low,6,spaceship,,,28/09/2026 23:11
ae7dce65-494d-4946-9ad3-a139bc681ab5,sahel.rip,available,18.2,18.2,medium,low,5,cloudflare,,,30/09/2026 20:57
752f784c-8cd8-4fdc-99a1-68ac7c874463,benumb.rip,available,23.49,23.49,medium,low,6,namesilo,,,03/09/2026 22:47
aa68adf9-b529-4873-894c-b79cfac0bde4,stubbornly.rip,available,23.49,23.49,medium,low,10,namesilo,,,14/09/2026 10:12
1e3c8655-97fb-40ce-839a-50ddfee7e71b,shaking.rip,available,18.83,18.83,medium,low,7,spaceship,,,28/09/2026 09:33
0d734c06-b92e-4007-82ab-863d3ee324e4,acrobatic.rip,available,7.99,29.99,high,low,9,name.com,,,
0238ed07-5cad-416e-95a8-3d8aa5745a70,prescription.rip,available,18.2,18.2,high,low,12,cloudflare,,,02/10/2026 20:33
5eb8b2ba-ee30-4dfe-b679-9f7c34619996,password.rip,available,18.2,18.2,medium,low,8,cloudflare,,,28/09/2026 04:22
db667fc1-2caa-462b-a6f6-36c72e0a6057,enumerate.rip,available,7.99,29.99,medium,low,9,name.com,,,03/09/2026 22:58
d4b2a8aa-b689-4f1a-ade0-a534da532cee,campground.rip,available,23.49,23.49,high,low,10,namesilo,,,24/09/2026 11:56
b4ae1900-232f-4ab3-b89d-adc607dc9c75,jewell.rip,available,23.49,23.49,medium,low,6,namesilo,,,29/09/2026 04:07
b6ecc4f7-95b5-41dd-bce5-dcc52e2924b3,brighten.rip,available,4.5,19.48,high,low,8,dynadot,,,30/09/2026 16:33
1db9f5be-bc53-4e0b-a480-964cf73d78e9,pager.rip,available,23.49,23.49,high,low,5,namesilo,,,23/09/2026 01:32
05837659-86f3-46df-946d-f1f9c842275d,long.rip,available,24.98,32.98,high,low,4,namecheap,,,24/09/2026 21:14
d7745fef-c5bd-4dba-bd8d-f5b7bbc2dee7,courtship.rip,available,4.5,19.48,high,low,9,dynadot,,,29/09/2026 18:31
4fe7f9ed-97dc-4668-98ad-c86202bec653,freaking.rip,available,18.83,18.83,medium,low,8,spaceship,,,01/10/2026 05:49
9a7ef0d7-0848-4033-8ca8-daa504b9abfa,basin.rip,available,24.98,32.98,high,low,5,namecheap,,,22/09/2026 10:56
483f39be-b12d-4fc6-8753-fa8826d1ec27,modal.rip,available,24.98,32.98,high,low,5,namecheap,,,25/09/2026 21:10
7c394c19-c99c-4b9c-9cc2-9636e28c5a6c,edgeless.rip,available,7.99,29.99,medium,low,8,name.com,,,15/08/2026 08:37
b2dc862f-d687-4a80-a462-75dae6beb35e,regensburg.rip,available,24.98,32.98,high,low,10,namecheap,,,30/09/2026 05:03
cc46b74d-c7e6-4028-a6b8-8316d3cb9b33,wakeful.rip,available,23.49,23.49,medium,low,7,namesilo,,,04/09/2026 16:03
f44a8e1d-6863-4d7d-a476-1d7c9084840d,archetype.rip,available,23.49,23.49,high,low,9,namesilo,,,20/09/2026 02:02
277ea0ac-c1b3-4111-a4b1-9da64f54c5d9,azeri.rip,available,23.49,23.49,high,low,5,namesilo,,,21/09/2026 11:12
8a9d4819-a44e-459e-b99d-e7925e54094f,unreported.rip,available,24.98,32.98,medium,low,10,namecheap,,,12/09/2026 18:19
f1aad892-4439-49fd-a6c1-38eb27dce893,calabria.rip,available,18.83,18.83,medium,low,8,spaceship,,,29/09/2026 06:11
faf7bf3c-dfda-437c-baa4-23b2e936ed74,flexible.rip,available,24.98,32.98,high,low,8,namecheap,,,23/09/2026 18:12
2fa96756-545f-48fe-9545-c79784d6d820,commend.rip,available,23.49,23.49,high,low,7,namesilo,,,30/09/2026 17:25
38eda5d5-3338-459e-8476-1fa9d065050e,seaward.rip,available,7.99,29.99,medium,low,7,name.com,,,22/08/2026 06:58
70e26201-5f9b-4bca-b30b-43c35b111c4c,holcomb.rip,available,23.49,23.49,medium,low,7,namesilo,,,30/09/2026 13:42
f7c4d4a5-96d3-4dbf-81df-d39fc226879f,askance.rip,available,7.99,29.99,medium,low,7,name.com,,,07/08/2026 02:56
ee29bbd5-7a64-4829-8d31-ae86165568d0,wounding.rip,available,24.98,32.98,medium,low,8,namecheap,,,10/09/2026 17:53
6cec2376-db97-40a3-98c4-006d46d046a6,apogamy.rip,available,24.98,32.98,medium,low,7,namecheap,,,19/09/2026 18:27
169e81bd-4c52-4bc4-bb37-5266edbc70d4,contrabass.rip,available,7.99,29.99,medium,low,10,name.com,,,12/08/2026 23:28
477c7522-2d70-4461-9122-efecf8e6fb92,alienable.rip,available,7.99,29.99,medium,low,9,name.com,,,
aa936a4c-bec4-4fa0-9b51-f8208741b79b,continuity.rip,available,24.98,32.98,high,low,10,namecheap,,,24/09/2026 17:42
4c01db41-8c30-417f-8af9-9fe3bd0e178f,flea.rip,available,18.83,18.83,medium,low,4,spaceship,,,29/09/2026 06:57
ac98ecb9-9540-42b9-b4cd-ba5e6fd6f013,runs.rip,available,23.49,23.49,high,low,4,namesilo,,,17/09/2026 13:37
9c0ee363-b0e1-4e59-ad43-838c590f43fb,soft.rip,available,18.2,18.2,high,low,4,cloudflare,,,01/10/2026 04:04
1a130dd2-20d7-4952-aab1-f01e1034abd8,speck.rip,available,23.49,23.49,medium,low,5,namesilo,,,02/10/2026 14:45
e50e935e-693a-4f8a-ab71-dc17be394d61,agent.rip,resell,,,high,medium,5,Unstoppable Domains Inc,13/08/2024 04:56,13/08/2027 04:56,26/09/2026 01:26
604759ca-8018-464e-9f41-65d7d78487f0,nasal.rip,available,23.49,23.49,medium,low,5,namesilo,,,03/09/2026 13:33
a5600a4d-317d-4827-94bb-afc535796477,fruitfully.rip,available,24.98,32.98,medium,low,10,namecheap,,,14/09/2026 20:27
c8df1696-9376-4da0-9c6a-b1221b99d9c6,stabilization.rip,available,23.49,23.49,medium,low,13,namesilo,,,17/09/2026 17:23
53b085d3-7198-4b2a-9b56-e8e8e41ac34a,dismissive.rip,available,7.99,29.99,medium,low,10,name.com,,,14/08/2026 11:49
fb792c05-89d3-4bbf-b819-755ed3e84ec6,cochlear.rip,available,7.99,29.99,medium,low,8,name.com,,,12/08/2026 14:45
d32287cd-6bbb-49d1-a858-c2f0adfcd087,asturias.rip,available,23.49,23.49,medium,low,8,namesilo,,,29/09/2026 15:34
2fe6cbc8-5340-45d1-ae9f-0c0353ba4b5e,perceived.rip,available,23.49,23.49,high,low,9,namesilo,,,27/09/2026 03:28
c4df29be-d47e-4412-a0d7-10d5737d57b8,coastal.rip,available,7.99,29.99,high,low,7,name.com,,,12/08/2026 14:10
bf7b43f8-18e8-4bec-9c80-e81f8fe2a3c6,disillusioned.rip,available,18.83,18.83,medium,low,13,spaceship,,,02/10/2026 07:38
9bd79360-4f4c-4799-9b30-83ea3e2cae09,impress.rip,available,23.49,23.49,high,low,7,namesilo,,,29/09/2026 23:37
6629382d-334f-4c51-a5ae-d966cb2b9e49,xun.rip,available,18.83,18.83,medium,low,3,spaceship,,,02/10/2026 07:35
3d470067-779e-4521-a52e-0d791231a8c7,debut.rip,available,24.98,32.98,high,low,5,namecheap,,,24/09/2026 21:09
a370e956-6e74-4424-893c-32b012ebc577,cocoon.rip,available,4.63,19.05,high,low,6,porkbun,,,02/10/2026 14:41
36d2f9ad-ef2f-4dff-b024-e673e2c38a27,ablaze.rip,available,7.99,29.99,high,low,6,name.com,,,
36004c6d-886a-4839-90d6-b8431e52e04b,requested.rip,available,18.83,18.83,high,low,9,spaceship,,,27/09/2026 12:02
c247924f-6d64-44b9-aa34-e6acde326bed,undisturbed.rip,available,24.98,32.98,high,low,11,namecheap,,,30/09/2026 12:13
3b5c5be9-a06f-4f55-a2bc-854f0762c0c1,thirty.rip,available,7.99,29.99,high,low,6,name.com,,,
c53bbdf1-4314-43c8-b03a-95e8971f6d70,amphitheater.rip,available,4.63,19.05,high,low,12,porkbun,,,01/10/2026 02:33
7e7afd05-9a2b-4f9c-bcc2-61c564be0811,mocking.rip,available,7.99,29.99,medium,low,7,name.com,,,14/08/2026 02:52
f5cb1df0-aebe-4a56-b821-c6d806b7a24c,cried.rip,available,24.98,32.98,medium,low,5,namecheap,,,27/09/2026 23:35
bc016060-4a99-45c6-b57a-2e350e4e18b1,sapporo.rip,available,23.49,23.49,high,low,7,namesilo,,,30/09/2026 10:59
bd89c8f2-1a7a-4a9f-a22e-44abe259a2e5,mohave.rip,available,18.83,18.83,high,low,6,spaceship,,,01/10/2026 03:01
b6db6234-f434-40c5-bf60-c10b0aab58fc,squander.rip,available,23.49,23.49,medium,low,8,namesilo,,,13/09/2026 08:34
7d6e0116-1e81-4741-b6b8-99933dd974ca,praising.rip,available,7.99,29.99,high,low,8,name.com,,,22/08/2026 20:53
729c72ef-2ebe-4225-8ad5-f3bf6833d1dc,ophthalmic.rip,available,7.99,29.99,medium,low,10,name.com,,,04/09/2026 16:33
ce3dcabd-c31a-4b7c-8f09-bb64a4302073,taint.rip,available,24.98,32.98,medium,low,5,namecheap,,,24/09/2026 17:39
10f8c6dc-2837-4766-a65b-72a10e81957c,ottawa.rip,available,23.49,23.49,high,low,6,namesilo,,,24/09/2026 11:58
59135967-60a3-45f1-bb69-db9d88c6fff6,seneca.rip,available,18.83,18.83,high,low,6,spaceship,,,02/10/2026 05:40
ab7c8623-48e9-4722-b93f-4adb50ee8c24,prototypal.rip,available,7.99,29.99,medium,low,10,name.com,,,06/08/2026 15:37
e2a967dd-960a-46c2-a08e-551832c38b10,dans.rip,available,24.98,32.98,medium,low,4,namecheap,,,28/09/2026 04:35
2bde6239-63a9-4fcc-ae1d-97736c7ca31c,aerobatics.rip,available,23.49,23.49,high,low,10,namesilo,,,17/09/2026 12:53
bb42a43b-d97f-4270-9dbf-f263f10a19e3,muscular.rip,available,7.99,29.99,high,low,8,name.com,,,11/08/2026 02:50
9d13e8bd-998b-4db2-a947-48daa270ebb8,nonunion.rip,available,24.98,32.98,medium,low,8,namecheap,,,03/09/2026 20:58
4b58ee6c-1a1e-4e67-84d8-04585cb1b7fb,organic.rip,available,7.99,29.99,high,low,7,name.com,,,
7ea4ff92-edc3-416c-912e-b17bfc3c422d,fdp.rip,available,23.49,23.49,medium,low,3,namesilo,,,30/09/2026 06:45
3ae21dec-dc92-4ca8-b931-28c7f392df53,homophobic.rip,available,7.99,29.99,medium,low,10,name.com,,,21/08/2026 13:04
cd164a97-c2ef-46f7-9ea6-c97ceb373e83,doctrinal.rip,available,7.99,29.99,medium,low,9,name.com,,,14/08/2026 14:25
a248d77b-5702-44af-bcb8-911139440fd4,ranch.rip,available,23.49,23.49,high,low,5,namesilo,,,25/09/2026 22:09
76712cf0-14a5-48c2-bd52-676b1aa06683,andradite.rip,available,23.49,23.49,medium,low,9,namesilo,,,19/09/2026 04:09
456d7fae-e9f5-45f2-a773-119fd1865e94,autoimmune.rip,available,7.99,29.99,medium,low,10,name.com,,,07/08/2026 20:32
0247afbd-3c09-41e2-ae8c-9c86b98ac464,sabbatic.rip,available,23.49,23.49,medium,low,8,namesilo,,,09/09/2026 20:32
aa709000-e5ed-4db4-95f3-70618af1bf86,multiplying.rip,available,24.5,,high,low,11,unstoppable,,,01/10/2026 06:06
be1eceb8-4d31-4284-b97c-bb50f36c3165,minimalism.rip,available,23.49,23.49,high,low,10,namesilo,,,03/10/2026 01:37
a3282698-d0d8-4620-923c-c283a1565c62,brigade.rip,available,7.99,29.99,high,low,7,name.com,,,24/09/2026 10:19
bc1d50ce-fceb-4367-9bb4-c444875d20ab,dislike.rip,available,23.49,23.49,high,low,7,namesilo,,,29/09/2026 15:55
9e5040a5-bfec-4dec-be69-e8cb2a311c6c,vocational.rip,available,23.49,23.49,high,low,10,namesilo,,,13/09/2026 06:29
b4969c66-a0bc-4462-92e9-8dd35e65f2a7,angora.rip,available,23.49,23.49,high,low,6,namesilo,,,19/09/2026 07:06
13cc8940-b8b3-4d31-88a0-8d514f67dd3f,ungummed.rip,available,23.49,23.49,low,low,8,namesilo,,,12/09/2026 11:43
cbb446b6-4981-4910-8057-dad8c746da27,cantonal.rip,available,7.99,29.99,medium,low,8,name.com,,,11/08/2026 17:44
3c59b037-42a9-4f74-860f-ee86a5a315b2,imd.rip,available,23.49,23.49,high,low,3,namesilo,,,01/10/2026 23:35
ea7cb5ca-2e81-445b-ba10-1046152b01e7,portland.rip,premium,36.32,72.57,high,low,8,porkbun,,,30/09/2026 07:12
c9ad191d-a1c8-4545-9581-7b2a6d1fd5b0,scrambling.rip,available,18.83,18.83,medium,low,10,spaceship,,,01/10/2026 23:12
fd1b2bf1-dc41-4119-a004-8a91b4f80b67,fbs.rip,available,4.5,19.48,high,low,3,dynadot,,,29/09/2026 22:15
c0d7ba4a-21a1-4e6d-88a5-fbe771a8e6ea,jonathan.rip,available,23.49,23.49,high,low,8,namesilo,,,25/09/2026 08:03
bf100583-eeb1-4029-b7d1-bf69c1ff2b05,darkish.rip,available,7.99,29.99,medium,low,7,name.com,,,13/08/2026 18:14
a5fa26cc-0a21-4ef4-bef4-0cae844cd83a,nanus.rip,available,7.99,29.99,medium,low,5,name.com,,,24/08/2026 22:32
09445b14-7ee9-4da1-ab12-155bbdc680ac,ungraded.rip,available,7.99,29.99,medium,low,8,name.com,,,14/08/2026 09:06
8093cf4b-f660-4a19-8c60-b6d419063f4d,alms.rip,available,24.98,32.98,medium,low,4,namecheap,,,18/09/2026 12:43
2048d84e-d005-4a1b-a1c0-f021dd278ff3,vegetation.rip,available,18.83,18.83,high,low,10,spaceship,,,29/09/2026 11:45
ffcc4cae-4990-4fee-89d0-75d13a19235b,replete.rip,available,23.49,23.49,high,low,7,namesilo,,,09/09/2026 14:32
ddc6437d-dd91-488d-9c2c-2cb39d4ddf8a,fizzle.rip,available,7.99,29.99,medium,low,6,name.com,,,11/08/2026 11:19
88637444-a00f-4c04-8ed5-3689b8160f89,ellipsoid.rip,available,7.99,29.99,medium,low,9,name.com,,,16/08/2026 04:37
22e3994c-dc1d-4f53-b1ae-5312c299e425,bagging.rip,available,24.98,32.98,medium,low,7,namecheap,,,21/09/2026 18:06
691193b0-1a9f-4a42-8f85-5b7c592096dd,segmented.rip,available,7.99,29.99,medium,low,9,name.com,,,24/08/2026 21:43
32c5673c-0cdc-49b0-8145-6c81304cd503,clipboards.rip,available,23.49,23.49,medium,low,10,namesilo,,,20/09/2026 11:59
898146e9-6e7f-45f0-b330-85705ffbc4c1,letup.rip,available,7.99,,medium,low,6,name.com,,,
f9b11cf9-72bd-49ba-87c3-0821de6e6cb2,cuthbert.rip,available,24.5,,medium,low,8,unstoppable,,,29/09/2026 03:58
f71628ba-1349-42b4-b25d-db087877e671,atelier.rip,available,24.98,32.98,high,medium,7,namecheap,,,20/09/2026 11:53
65f32ecb-af3a-434c-9709-c8cca47569ef,antiviral.rip,available,7.99,29.99,high,low,9,name.com,,,05/08/2026 20:06
224f4e31-aadb-49be-87f8-8662027fdb70,blackhead.rip,available,23.49,23.49,medium,low,9,namesilo,,,24/09/2026 02:47
0793750c-1698-48c6-9b48-a07ed1280d6c,seagull.rip,available,23.49,23.49,high,low,7,namesilo,,,30/09/2026 10:42
fcc4d3c9-eb65-43ae-9474-22152bdad017,tattooing.rip,available,24.98,32.98,high,low,9,namecheap,,,18/09/2026 01:47
d82a8375-c009-49c8-861f-36d7bb4ae4fb,consolidation.rip,available,23.49,23.49,medium,low,13,namesilo,,,02/10/2026 08:12
c558c80c-6976-4c1c-8837-039fa5a79b2a,synoecious.rip,available,23.49,23.49,medium,low,10,namesilo,,,11/09/2026 06:29
2e344544-c419-4e81-a3f4-19c57ebf3294,documentary.rip,available,23.49,23.49,high,low,11,namesilo,,,28/09/2026 04:30
1cfa218b-f652-4318-a4a7-87b5da3d0ca0,phenomenal.rip,available,24.98,32.98,high,low,10,namecheap,,,08/09/2026 18:46
df214456-c24a-4363-823d-97fd63bc7ec2,rudd.rip,available,18.2,18.2,medium,low,4,cloudflare,,,03/10/2026 01:59
bd68d3ac-19fa-4f0e-aa8c-3205b0adfc84,intoxicating.rip,available,24.5,,high,low,12,unstoppable,,,01/10/2026 22:34
6c8fbc10-4adc-46f6-9aea-946fdc88920c,pth.rip,available,24.5,,high,low,3,unstoppable,,,01/10/2026 06:57
cbd40cfe-c818-49b7-be11-c55b059a161b,mio.rip,available,23.49,23.49,high,low,3,namesilo,,,30/09/2026 12:31
e685e5b9-ed2b-4d9a-be5c-db6426710e2c,bittie.rip,available,7.99,29.99,medium,low,6,name.com,,,10/08/2026 07:56
f17dd2c3-1836-40f1-b4b8-f46b699d5b42,boreal.rip,available,7.99,29.99,high,low,6,name.com,,,10/08/2026 19:55
0aaf9c68-2af4-4394-b301-14391254a443,incense.rip,available,24.5,,high,low,7,unstoppable,,,29/09/2026 19:17
86b99d02-1403-447e-8e83-f0a130a20b16,pickaback.rip,available,23.49,23.49,medium,low,9,namesilo,,,15/09/2026 19:48
e21393d7-dd27-499e-9878-0ea259f8c2ed,characterize.rip,available,18.2,18.2,high,low,12,cloudflare,,,30/09/2026 19:36
c3386c84-3c3a-4d60-8a3f-965bdb2d8739,relating.rip,available,4.5,19.48,high,low,8,dynadot,,,01/10/2026 21:56
100a3e34-654b-4df2-92f9-e5cd651f77bd,sissified.rip,available,7.99,29.99,medium,low,9,name.com,,,12/08/2026 08:41
8aac4147-7d46-41eb-8d4c-a68c6a4bc887,wily.rip,available,7.99,29.99,medium,low,4,name.com,,,13/08/2026 04:38
3b8264f7-3c57-4afb-bf9f-14b188726e79,joints.rip,available,23.49,23.49,medium,low,6,namesilo,,,20/09/2026 03:38
95f7633f-9e16-4ef2-a730-9646045e6cf1,variables.rip,available,7.99,,medium,low,9,name.com,,,
ff40d7ea-ecc3-432d-afe8-c7e693cc85d0,postwar.rip,available,23.49,23.49,medium,low,7,namesilo,,,09/09/2026 00:42
ee87b616-0ee9-4a0d-8937-999f41d8af19,injection.rip,available,4.63,19.05,high,low,9,porkbun,,,28/09/2026 06:02
c621ad2f-f0e0-48d9-b286-58d615f1a670,grizzly.rip,available,7.99,29.99,high,low,7,name.com,,,20/08/2026 19:16
0b030b75-2d67-48f4-ba15-cb4148d5557e,valorous.rip,available,23.49,23.49,medium,low,8,namesilo,,,13/09/2026 00:57
896703ae-4ced-474e-a047-1e1edc9f604a,observed.rip,available,23.49,23.49,high,low,8,namesilo,,,22/09/2026 09:25
8ca62265-cf25-422a-adc5-43ca695275ac,cannes.rip,available,23.49,23.49,high,low,6,namesilo,,,24/09/2026 12:04
48738b10-3b22-4e04-bea0-fd7956e95956,returned.rip,available,24.98,32.98,high,low,8,namecheap,,,01/10/2026 19:02
d43945df-e47d-4465-aa5e-143bd6e926f1,humor.rip,available,23.49,23.49,high,low,5,namesilo,,,24/09/2026 06:28
a62951cc-e21c-4ab8-9f58-cbadf3b987a2,printers.rip,available,23.49,23.49,medium,low,8,namesilo,,,21/09/2026 00:30
6898d373-8665-4687-82f7-191c8cad4c95,adolescent.rip,available,24.98,32.98,high,low,10,namecheap,,,21/09/2026 19:03
cd4dbc56-3deb-4216-b0d8-87ca5322d980,wasting.rip,available,24.98,32.98,medium,low,7,namecheap,,,21/09/2026 00:58
8684ef38-cf56-4632-aa4f-0386736e7799,grips.rip,available,18.83,18.83,medium,low,5,spaceship,,,02/10/2026 01:51
9828cb43-c6eb-4bae-87fc-3e5acfcf0b6a,galway.rip,available,24.5,,high,low,6,unstoppable,,,28/09/2026 09:51
43fc2468-72d6-4602-bfdc-d2516f520104,leaded.rip,available,7.99,29.99,medium,low,6,name.com,,,22/08/2026 21:42
7dc45fea-07b8-4b11-8e6a-eaf58227bc0f,snobby.rip,available,7.99,29.99,medium,low,6,name.com,,,12/08/2026 11:23
ff289821-9970-4979-a19b-03e062004e82,overjoy.rip,available,18.2,18.2,high,low,7,cloudflare,,,30/09/2026 21:15
ea8cda3e-aed1-44df-b926-add00bf033ee,intimate.rip,available,23.49,23.49,high,low,8,namesilo,,,25/09/2026 10:27
2c10c294-9909-4fbc-a294-959aced322e5,allie.rip,available,23.49,23.49,high,low,5,namesilo,,,17/09/2026 22:42
a4c55782-4428-4b84-9e06-c727c499b55c,barlow.rip,available,23.49,23.49,high,low,6,namesilo,,,29/09/2026 03:31
c4962391-ba35-4a7c-99b1-95da5fc2d0b8,botanic.rip,available,7.99,29.99,high,low,7,name.com,,,10/08/2026 20:46
b5a4da78-cf78-46f2-a8e9-0098ebd1431d,attracts.rip,available,23.49,23.49,medium,low,8,namesilo,,,30/09/2026 06:55
5011eb13-3fe4-476a-bdef-55dbd98be4e4,refueling.rip,available,24.5,,high,low,9,unstoppable,,,01/10/2026 19:40
c2dea481-0d4b-47e0-bfa6-1acf459b78af,unblushing.rip,available,23.49,23.49,medium,low,10,namesilo,,,10/09/2026 05:55
32797141-8a49-4b58-913d-f39f02efc477,armenian.rip,available,7.99,29.99,high,low,8,name.com,,,06/08/2026 19:39
b253afe2-59e7-4dd7-8df7-6050b825b198,wordsworth.rip,available,23.49,23.49,medium,low,10,namesilo,,,28/09/2026 15:34
7d85ca82-a949-49bc-8746-f9fdc6901502,heartthrob.rip,available,18.2,18.2,high,low,10,cloudflare,,,29/09/2026 22:26
3c82a318-6359-4ac1-a849-74f70cbf3d79,mandelbrot.rip,available,23.49,23.49,medium,low,10,namesilo,,,23/09/2026 08:35
615aa9c5-ecfe-445e-a0cf-002defc5b5db,actin.rip,available,23.49,23.49,medium,low,5,namesilo,,,17/09/2026 04:37
9b016bc9-4657-414b-ad8e-6de476d1c934,boredom.rip,available,23.49,23.49,medium,low,7,namesilo,,,24/09/2026 07:28
616ea092-0404-4369-9947-c28fb6ca1771,romish.rip,available,23.49,23.49,medium,low,6,namesilo,,,05/09/2026 01:30
34e10723-d857-4968-98fc-c36f7989203a,grounding.rip,available,23.49,23.49,high,low,9,namesilo,,,30/09/2026 17:05
53f246bc-4206-4d5d-9288-43621e3f5467,feeling.rip,available,18.2,18.2,high,low,7,cloudflare,,,29/09/2026 19:08
a772767f-06cb-4b84-832e-30220c7ef8b9,nott.rip,available,4.5,19.48,medium,low,4,dynadot,,,02/10/2026 18:46
dafe43ec-7cb2-4955-a59b-52c5a749234d,dialectal.rip,available,7.99,29.99,medium,low,9,name.com,,,14/08/2026 05:48
66858cd9-319d-4da9-8d08-d848f1a99bbb,flor.rip,available,7.99,,high,low,4,name.com,,,
d7d72e39-87ab-481c-9066-7b265b7df8ae,cultivated.rip,available,7.99,29.99,high,low,10,name.com,,,13/08/2026 10:14
1116498f-c762-4247-b8f4-d3b42bd15eb1,counseling.rip,available,24.98,32.98,high,low,10,namecheap,,,01/10/2026 03:29
8137e330-c737-4d5c-a515-6021652b1e32,miley.rip,available,18.83,18.83,medium,low,5,spaceship,,,01/10/2026 10:18
c2a2d3bc-0f35-442d-9672-5e2b54b2273d,asphyxia.rip,available,23.49,23.49,medium,low,8,namesilo,,,20/09/2026 15:10
736267fa-8d39-4431-88fe-4f1b72b100c6,breathtaking.rip,available,23.49,23.49,high,low,12,namesilo,,,01/10/2026 10:31
9bc9c68a-2cb5-4fbe-830e-b446cae15a3d,territorial.rip,available,18.2,18.2,medium,low,11,cloudflare,,,28/09/2026 21:11
30ae82b8-5914-4469-bbcd-191e7860053b,abattis.rip,available,24.98,32.98,medium,low,7,namecheap,,,16/09/2026 14:11
9df923b4-cbf8-4e81-9d23-41eabfefe1da,scoffing.rip,available,7.99,29.99,medium,low,8,name.com,,,22/08/2026 12:43
928259fb-a95f-49cb-bb01-0bc55530559f,graduating.rip,available,23.49,23.49,low,low,10,namesilo,,,28/09/2026 12:36
6d374066-cb8b-4140-9fe2-42c5224ff0b1,angeles.rip,available,23.49,23.49,high,low,7,namesilo,,,25/09/2026 16:22
2c71edaf-c1c0-4836-b47d-c5dd02b989b2,minimums.rip,available,23.49,23.49,medium,low,8,namesilo,,,20/09/2026 08:36
3fe8877a-95f0-45bf-a439-7dc06e18dcb0,respects.rip,available,24.98,32.98,high,low,8,namecheap,,,30/09/2026 09:58
0c885aa1-6567-4ab3-a20b-3d2b348d2051,brawl.rip,available,18.83,18.83,high,low,5,spaceship,,,29/09/2026 11:45
6af6437f-c3dd-4e60-bc21-e88a892249f2,quarantine.rip,available,18.83,18.83,medium,low,10,spaceship,,,28/09/2026 15:10
4c3ef9d0-17d0-45b4-9456-d1326680956b,actinia.rip,available,24.98,32.98,medium,low,7,namecheap,,,17/09/2026 04:43
71d2613b-6ece-42e3-bd9d-bef94e282716,photos.rip,available,24.98,32.98,high,low,6,namecheap,,,17/09/2026 16:48
fc1b2ee4-56bf-489e-ad67-1e3f19b8ead3,factor.rip,available,24.5,,high,low,6,unstoppable,,,29/09/2026 04:30
947c2125-50be-4d7c-810f-bebf00175b7c,listened.rip,available,24.98,32.98,medium,low,8,namecheap,,,25/09/2026 19:45
120b05c7-4142-4285-a351-6725f5430cad,grouping.rip,available,24.5,,high,low,8,unstoppable,,,29/09/2026 21:36
b558ca2b-37b6-49df-abde-95aa080a7087,yamaguchi.rip,available,18.2,18.2,medium,low,9,cloudflare,,,29/09/2026 23:46
88977f90-28ea-4f11-ab11-db301e19276f,melinda.rip,available,24.98,32.98,medium,low,7,namecheap,,,28/09/2026 21:22
a4a6f044-156f-49c0-bab5-72f7f22cfd33,fabricated.rip,available,7.99,29.99,medium,low,10,name.com,,,17/08/2026 20:15
00b24a93-2944-47fe-9040-40e84cadf212,farmhouse.rip,available,23.49,23.49,high,low,9,namesilo,,,29/09/2026 12:14
9ecec663-abe4-494d-92f4-7e2241126f31,wellington.rip,available,24.98,32.98,high,low,10,namecheap,,,20/09/2026 11:08
d7ab057a-61e4-4654-92b5-49a387d21b8f,hickory.rip,available,18.83,18.83,high,low,7,spaceship,,,30/09/2026 17:36
494cb0ad-44c3-4e64-8575-7899946dc40c,enteric.rip,available,7.99,29.99,medium,low,7,name.com,,,17/08/2026 09:53
421c2c25-2411-43ec-94c5-d68a5d6fe05a,garnet.rip,available,4.63,19.05,medium,low,6,porkbun,,,03/10/2026 00:53
102b3d26-ec09-4f27-99a7-8ed8d3162246,trice.rip,available,7.99,29.99,medium,low,5,name.com,,,22/08/2026 07:32
653c1633-b3c5-4bc9-9779-1e6520f385f2,lun.rip,available,18.83,18.83,medium,low,3,spaceship,,,01/10/2026 23:06
351fd63c-4965-45f3-9665-7cc1f5ce78c6,torquay.rip,available,18.83,18.83,medium,low,7,spaceship,,,30/09/2026 21:29
ec1dbc44-2ab4-4d85-a2df-9e2db0886c0e,jesting.rip,available,7.99,29.99,high,low,7,name.com,,,22/08/2026 12:52
69b3a32c-8ebe-43d6-872c-a00022e46ef4,bloomingdale.rip,available,18.83,18.83,high,low,12,spaceship,,,03/10/2026 04:26
d4cc1d66-b44a-4fd1-882f-a050b51bc7b2,antithetic.rip,available,7.99,29.99,medium,low,10,name.com,,,05/08/2026 19:49
10584269-2330-43a4-b7db-0fe5227a7f73,shu.rip,available,18.83,18.83,high,low,3,spaceship,,,27/09/2026 21:11
3bef6a3e-f6ee-4c7d-aff3-c72732dc215c,nailed.rip,available,23.49,23.49,medium,low,6,namesilo,,,18/09/2026 21:49
df7b1b92-b32f-4d4c-81d7-44baba0a2b98,chaldea.rip,available,24.98,32.98,medium,low,7,namecheap,,,21/09/2026 13:52
5fff7194-4b05-46f0-ad65-f0c1146ffc13,vigor.rip,available,23.49,23.49,high,low,5,namesilo,,,29/09/2026 22:25
767f4244-115b-41ae-907e-3c46d84926b5,stilt.rip,available,23.49,23.49,medium,low,5,namesilo,,,21/09/2026 04:51
c9184db2-304c-4df2-960d-b14c806fa878,rockingham.rip,available,4.63,19.05,medium,low,10,porkbun,,,28/09/2026 13:42
1d2abdd3-3891-4baa-ac33-040922190359,kroeber.rip,available,23.49,23.49,medium,low,7,namesilo,,,18/09/2026 06:35
fbc63531-8963-49a1-b12b-528896db726c,appeared.rip,available,24.98,32.98,medium,low,8,namecheap,,,27/09/2026 10:53
7deaff82-0d20-4a90-8e6e-653f876fcc73,slime.rip,available,18.83,18.83,high,low,5,spaceship,,,29/09/2026 12:55
b1caf92e-c4df-468e-a01a-01046979b4c3,duplicate.rip,available,23.49,23.49,high,low,9,namesilo,,,24/09/2026 11:48
0a57e137-17bf-4bd0-9b97-8d114840a581,philemon.rip,available,24.5,,medium,low,8,unstoppable,,,02/10/2026 15:00
1b070eb6-1186-4efd-9b01-60dc341e5943,heap.rip,available,7.99,29.99,high,low,4,name.com,,,25/08/2026 00:28
ba23ed89-c152-4d44-853f-2c7e64f0b97e,susanne.rip,available,18.2,18.2,high,low,7,cloudflare,,,30/09/2026 13:21
477fa237-4e61-484f-9639-5e5c5f98c87c,farrell.rip,available,23.49,23.49,medium,low,7,namesilo,,,25/09/2026 05:20
f6f0f78c-d77a-4011-b324-39ca1ff81706,commission.rip,available,4.63,19.05,high,low,10,porkbun,,,29/09/2026 10:22
34eda1f6-3fe0-4c2c-a4bf-635d89a253ef,sunny.rip,available,7.99,29.99,high,low,5,name.com,,,12/08/2026 03:57
e68277ad-af23-463b-b553-29e8ac9286b4,deliverance.rip,available,24.5,,medium,low,11,unstoppable,,,02/10/2026 21:42
7b0aef0e-a063-4a00-abac-406f15b204c3,looked.rip,available,23.49,23.49,high,low,6,namesilo,,,18/09/2026 11:20
4825c35a-9747-480f-9805-993da576ab30,easily.rip,available,24.98,32.98,high,low,6,namecheap,,,24/09/2026 13:14
7ba80dca-8a3e-4e55-b0f0-7b481cba64cc,undyed.rip,available,7.99,29.99,medium,low,6,name.com,,,12/09/2026 02:08
724feca5-1971-459f-b8f3-b7cf49b2923a,insult.rip,available,23.49,23.49,high,low,6,namesilo,,,17/09/2026 14:53
b49c030e-14ae-493a-bfb4-536f81dd4577,nitrous.rip,available,7.99,29.99,high,low,7,name.com,,,08/08/2026 03:03
9fd9585e-fb60-4531-b371-9917da9b9b94,coppery.rip,available,7.99,29.99,medium,low,7,name.com,,,13/08/2026 00:34
a49a174a-2229-4c44-abb9-d364fac993ef,maracaibo.rip,available,18.83,18.83,medium,low,9,spaceship,,,02/10/2026 05:43
c6ac2a2a-1e00-4677-a71a-5c9ff57b7cbf,aristophanes.rip,available,18.83,18.83,medium,low,12,spaceship,,,02/10/2026 00:26
4d6b77cb-94fc-44d8-82ca-bfa54de206e7,clause.rip,available,23.49,23.49,high,low,6,namesilo,,,24/09/2026 15:20
384f6e5e-7801-45d9-9fde-44c6cf1d630c,cremation.rip,premium,102.67,102.67,high,low,9,spaceship,,,02/10/2026 04:29
2623e45f-d583-4997-a715-796b6a070090,adenovirus.rip,available,23.49,23.49,medium,low,10,namesilo,,,17/09/2026 07:41
04adc7ec-ada7-482a-b136-d42f1e64cda7,armless.rip,available,7.99,29.99,medium,low,7,name.com,,,06/08/2026 19:54
cceacb3c-7cc4-4fa8-b9a5-87ac9c6a9789,wanna.rip,available,23.49,23.49,high,low,5,namesilo,,,26/09/2026 00:48
6932e09e-b146-4e43-8d79-d5f3c46b1e4e,majesty.rip,available,23.49,23.49,high,low,7,namesilo,,,27/09/2026 04:40
811fcbda-1076-4dfa-824f-78c161f160e6,brabant.rip,available,24.98,32.98,high,low,7,namecheap,,,29/09/2026 08:28
211963e5-ae3c-4cda-a11f-4098eccf0314,scales.rip,available,23.49,23.49,high,low,6,namesilo,,,29/09/2026 09:18
ffd80710-6201-4565-a6ce-abdf51e64ddc,heroically.rip,available,23.49,23.49,high,low,10,namesilo,,,15/09/2026 00:39
3310c150-2680-47c3-af66-8d0613847be9,prettiest.rip,available,24.98,32.98,medium,low,9,namecheap,,,18/09/2026 03:32
e3fb1f58-04c5-4749-a007-a4e246d20b16,blvd.rip,available,18.2,18.2,high,low,4,cloudflare,,,02/10/2026 18:29
f3dcf981-ac4a-41c8-8790-7c86aef07ee1,acridid.rip,available,23.49,23.49,medium,low,7,namesilo,,,17/09/2026 02:59
5b275b40-bae2-475e-ac3e-d05dc22d34cf,housewife.rip,available,4.63,19.05,medium,low,9,porkbun,,,29/09/2026 01:18
668545b9-0c7a-4ecd-a8c8-d6c3c27cf123,discretion.rip,available,23.49,23.49,high,low,10,namesilo,,,24/09/2026 15:03
76bb4df2-de62-4bbc-96f1-5474b7f25194,injunction.rip,available,18.83,18.83,medium,low,10,spaceship,,,29/09/2026 18:16
853e7e35-96aa-4c39-93b5-12b7e9978f6b,toitoi.rip,available,23.49,23.49,medium,low,6,namesilo,,,20/09/2026 12:23
dff2e44c-b4f7-4d87-a4ab-336254de0ee8,kicked.rip,available,24.98,32.98,medium,low,6,namecheap,,,25/09/2026 19:40
b48316a8-d817-4b39-89bd-ef4dec42a70d,find.rip,premium,207.2,207.2,high,medium,4,spaceship,,,29/09/2026 04:04
295a474c-c672-4943-9ad7-dbffecd1003b,bjs.rip,available,23.49,23.49,medium,low,3,namesilo,,,23/09/2026 23:25
070c52cf-e1f7-4672-b764-3b0284fec825,provoking.rip,available,7.99,29.99,high,low,9,name.com,,,
21207884-2fbd-4e71-8241-c92d4e8d66cd,ards.rip,available,23.49,23.49,medium,low,4,namesilo,,,17/09/2026 10:14
03aeb0e0-27d4-4e61-9f3f-6ae0701f3eb7,daycare.rip,available,24.5,,high,low,7,unstoppable,,,03/10/2026 00:25
72d494a0-789b-4e1d-b4ad-9eebd014ac12,vanderbilt.rip,available,23.49,23.49,high,low,10,namesilo,,,25/09/2026 04:24
8c4057cc-1a76-467c-99be-74d0c40fc296,batman.rip,available,23.49,23.49,high,low,6,namesilo,,,29/09/2026 01:33
750d583b-8aa5-4ece-9786-490897fb4b69,quadruplex.rip,available,7.99,29.99,medium,low,10,name.com,,,18/08/2026 13:26